job_title,company_name,date,locations_name,skills,links
Technical Manager (Java),SSC Egypt -,2 days ago,"Maadi, Cairo, Egypt ",Full TimeManager  6 - 8 Yrs of Exp  IT/Software Development  Engineering - Telecom/Technology  Computer Engineering  Computer Science  Design  Development  Git  Engineering  Information Technology (IT)  Java,https://wuzzuf.net/jobs/p/kzAJFK1iYvWI-Technical-Manager-Java-SSC-Egypt-Cairo-Egypt?o=1&l=sp&t=sj&a=java|search-v3|hpb,
Senior back-end Developer (Java) on site,ZE LOGIC -,2 days ago,"Dokki, Giza, Egypt ",Full TimeExperienced  3 - 10 Yrs of Exp  IT/Software Development  Engineering - Telecom/Technology  JavaScript  Java  Software  Software Development  Software Design  Design Patterns  Design  SQL,https://wuzzuf.net/jobs/p/m0KxLv7EFUJ4-Senior-back-end-Developer-Java-on-site-ZE-LOGIC-Giza-Egypt?o=2&l=sp&t=sj&a=java|search-v3|hpb,
Senior Java Developer,FlairsTech -,7 days ago,"Maadi, Cairo, Egypt ",Full TimeExperienced  3 - 9 Yrs of Exp  IT/Software Development  Engineering - Telecom/Technology  Agile  Computer Science  Development  DevOps  Information Technology (IT)  J2EE  Java  Scrum,https://wuzzuf.net/jobs/p/XEbXMrc4g4mz-Senior-Java-Developer-FlairsTech-Cairo-Egypt?o=3&l=sp&t=sj&a=java|search-v3|hpb,
Java Technical lead,FlairsTech -,6 days ago,"Maadi, Cairo, Egypt ",Full TimeExperienced  6+ Yrs of Exp  IT/Software Development  Engineering - Telecom/Technology  Information Technology (IT)  Computer Science  Java  JavaScript  Mongo  Software Development  Software Engineering  Spring,https://wuzzuf.net/jobs/p/DKs1OlZMCoBy-Java-Technical-lead-FlairsTech-Cairo-Egypt?o=4&l=sp&t=sj&a=java|search-v3|hpb,
Software Engineer ( Java ) - Alexandria,Confidential -,7 days ago,"Smouha, Alexandria, Egypt ",Full TimeEntry Level  1 - 2 Yrs of Exp  IT/Software Development  Engineering - Telecom/Technology  Computer Science  Information Technology (IT)  Java  Software Engineering  Debugging  Software Development  Engineering,https://wuzzuf.net/jobs/p/6VwsZO4dWg4Z-Software-Engineer-Java---Alexandria-Alexandria-Egypt?o=5&l=sp&t=sj&a=java|search-v3|hpb,
Senior Software Engineer (Java EE) - Alexandria,ISFP -,7 days ago,"Smouha, Alexandria, Egypt ",Full TimeExperienced  4 - 6 Yrs of Exp  IT/Software Development  Engineering - Telecom/Technology  Java EE  Information Technology (IT)  Computer Science  Debugging  Software Development  Software Engineering  javaScript  Java,https://wuzzuf.net/jobs/p/baKS2ga4P4B4-Senior-Software-Engineer-Java-EE---Alexandria-ISFP-Alexandria-Egypt?o=6&l=sp&t=sj&a=java|search-v3|hpb,
Full Stack Java Developer,Systems Limited -,8 days ago,"Cairo, Egypt ",Full TimeExperienced  3 - 5 Yrs of Exp  IT/Software Development  Engineering - Telecom/Technology  Java  MongoDB  MySQL  JUnit  Mockito  Jenkins  spinnaker  Docker,https://wuzzuf.net/jobs/p/fCh2spMNS7DI-Full-Stack-Java-Developer-Systems-Limited-Cairo-Egypt?o=7&l=sp&t=sj&a=java|search-v3|hpb,
Android Developer (JAVA/KOTLIN),Naqla -,8 days ago,"Nasr City, Cairo, Egypt ",Full TimeExperienced  3 - 5 Yrs of Exp  IT/Software Development  Engineering - Telecom/Technology  Java  RESTful  Software Development  Engineering  Agile  Android  Computer Science  Information Technology (IT),https://wuzzuf.net/jobs/p/xU4p5hfroIau-Android-Developer-JAVAKOTLIN-Naqla-Cairo-Egypt?o=8&l=sp&t=sj&a=java|search-v3|hpb,
Java Team lead.,Ejada  -,7 days ago,"Heliopolis, Cairo, Egypt ",Full TimeExperienced  6 - 10 Yrs of Exp  IT/Software Development  Computer Science  Java,https://wuzzuf.net/jobs/p/EKMWNeEST9uV-Java-Team-lead-Ejada-Cairo-Egypt?o=9&l=sp&t=sj&a=java|search-v3|hpb,
Experienced Java Spring Developer,Yeshtery -,7 days ago,"New Cairo, Cairo, Egypt ",Full TimePart TimeExperienced  2 - 5 Yrs of Exp  Creative/Design/Art  IT/Software Development  Engineering - Telecom/Technology  Information Technology (IT)  Java  Computer Science  Java EE  Spring  Spring Boot  Engineering,https://wuzzuf.net/jobs/p/xaizIKtx9FZy-Experienced-Java-Spring-Developer-Yeshtery-Cairo-Egypt?o=10&l=sp&t=sj&a=java|search-v3|hpb,
Software Development Team Leader (Java EE),ISFP -,9 days ago,"Smouha, Alexandria, Egypt ",Full TimeManager  5 - 7 Yrs of Exp  IT/Software Development  Engineering - Telecom/Technology  Java EE  Information Technology (IT)  Computer Science  Debugging  Software Development  Software Engineering  javaScript  Java,https://wuzzuf.net/jobs/p/gPkL4kGBi79F-Software-Development-Team-Leader-Java-EE-ISFP-Alexandria-Egypt?o=11&l=sp&t=sj&a=java|search-v3|hpb,
Java Back-End Developer,Mobilar -,12 days ago,"Nasr City, Cairo, Egypt ",Full TimeWork From HomeEntry Level  1 - 3 Yrs of Exp  IT/Software Development  Engineering - Telecom/Technology  Software Testing  Arabic  English  Computer Science  Information Technology (IT)  IT  Quality Control  APIs,https://wuzzuf.net/jobs/p/JEXscT1n7Bq3-Java-Back-End-Developer-Mobilar-Cairo-Egypt?o=12&l=sp&t=sj&a=java|search-v3|hpb,
Senior Java Developer,SSC Egypt -,13 days ago,"Cairo, Egypt ",Full TimeExperienced  6 - 7 Yrs of Exp  IT/Software Development  Engineering - Telecom/Technology  Java  MySQL  NoSQL  Spring,https://wuzzuf.net/jobs/p/pzXrIHiDSgbt-Senior-Java-Developer-SSC-Egypt-Cairo-Egypt?o=13&l=sp&t=sj&a=java|search-v3|hpb,
Senior Java Developer,Confidential -,10 days ago,"Maadi, Cairo, Egypt ",Full TimeExperienced  7+ Yrs of Exp  IT/Software Development  Engineering - Telecom/Technology  AWS  Computer Science  Design  Engineering  Information Technology (IT)  Java  MySQL  MVC,https://wuzzuf.net/jobs/p/HpaezST9o8kh-Senior-Java-Developer-Cairo-Egypt?o=14&l=sp&t=sj&a=java|search-v3|hpb,
Senior JAVA Backend Developer,Confidential -,12 days ago,"Maadi, Cairo, Egypt ",Full TimeExperienced  3 - 5 Yrs of Exp  IT/Software Development  Java  Spring Boot,https://wuzzuf.net/jobs/p/1AmwX1TRIFOV-Senior-JAVA-Backend-Developer-Cairo-Egypt?o=15&l=sp&t=sj&a=java|search-v3|hpb,
Java Tech Lead,FlairsTech -,8 days ago,"Maadi, Cairo, Egypt ",Full TimeExperienced  7+ Yrs of Exp  IT/Software Development  Engineering - Telecom/Technology  Information Technology (IT)  Computer Science  Java  JavaScript  Mongo  Software Development  Software Engineering  Spring,https://wuzzuf.net/jobs/p/Smzd2ajsiE2I-Java-Tech-Lead-FlairsTech-Cairo-Egypt?o=16&l=sp&t=sj&a=java|search-v3|hpb,
Senior Software Engineer-Java,ITWORX -,15 days ago,"Nasr City, Cairo, Egypt ",Full TimeExperienced  3 - 5 Yrs of Exp  IT/Software Development  Engineering - Telecom/Technology  Java  Spring  Java Development  Computer Science  Information Technology (IT)  Software Engineering  Software Development  SQL,https://wuzzuf.net/jobs/p/GD8832XrDfBS-Senior-Software-Engineer-Java-ITWORX-Cairo-Egypt?o=17&l=sp&t=sj&a=java|search-v3|hpb,
Java Team Lead,ITS  -,12 days ago,"Nasr City, Cairo, Egypt ",Full TimeEntry Level  7 - 12 Yrs of Exp  IT/Software Development  Engineering - Telecom/Technology  Computer Science  Computer Engineering  J2EE  Java  Java Development  Hibernate  EJB  JPA,https://wuzzuf.net/jobs/p/rPrVQzKcFmGr-Java-Team-Lead-ITS-Cairo-Egypt?o=18&l=sp&t=sj&a=java|search-v3|hpb,
Java Developer,Premier Services and Recruitment -,13 days ago,"Maadi, Cairo, Egypt ",Full TimeExperienced  2 - 10 Yrs of Exp  IT/Software Development  Back End Developer  Front end developer  JavaScript  Java  SQL,https://wuzzuf.net/jobs/p/xlpe3zsxLxwZ-Java-Developer-Premier-Services-and-Recruitment-Cairo-Egypt?o=19&l=sp&t=sj&a=java|search-v3|hpb,
Senior Java Developer,Egabi FSI -,10 days ago,"Sheraton, Cairo, Egypt ",Full TimeExperienced  4+ Yrs of Exp  IT/Software Development  Engineering - Telecom/Technology  Computer Science  Information Technology (IT)  Java  Software Development  ITI  SQL  OOP  Design,https://wuzzuf.net/jobs/p/P8By8Ln9CydA-Senior-Java-Developer-Egabi-FSI-Cairo-Egypt?o=20&l=sp&t=sj&a=java|search-v3|hpb,
Senior Java Developer,DBS -,15 days ago,"New Cairo, Cairo, Egypt ",Full TimeExperienced  3+ Yrs of Exp  IT/Software Development  Engineering - Telecom/Technology  Development  Information Technology (IT)  Java  MySQL  Software Development  Software Engineering  Software  SOAP,https://wuzzuf.net/jobs/p/rpIBjPEPPIL4-Senior-Java-Developer-DBS-Cairo-Egypt?o=21&l=sp&t=sj&a=java|search-v3|hpb,
Senior Java Developer,Agile Technologies  -,16 days ago,"Cairo, Egypt ",Full TimeExperienced  4 - 7 Yrs of Exp  IT/Software Development  Engineering - Telecom/Technology  API  backend  Computer Science  Design  Design Patterns  Development  Information Technology (IT)  Java,https://wuzzuf.net/jobs/p/xZhE0QIKM6WO-Senior-Java-Developer-Agile-Technologies-Cairo-Egypt?o=22&l=sp&t=sj&a=java|search-v3|hpb,
Java Spring Developer,BOBR GROUP -,16 days ago,"Cairo, Egypt ",Full TimeExperienced  5 - 7 Yrs of Exp  IT/Software Development  Security  RESTful APIs  Spring Boot  REST  Encryption  absraction  micro server,https://wuzzuf.net/jobs/p/RvMpQfH8s7p3-Java-Spring-Developer-BOBR-GROUP-Cairo-Egypt?o=23&l=sp&t=sj&a=java|search-v3|hpb,
Java Swing Developer,GetTechForce.com -,21 days ago,"Cairo, Egypt ",Full TimeWork From HomeExperienced  3+ Yrs of Exp  IT/Software Development  Java  Nginx  React Native  React.js  Java Software Development  API,https://wuzzuf.net/jobs/p/fLzZqG7QUHx9-Java-Swing-Developer-GetTechForce-com-Cairo-Egypt?o=24&l=sp&t=sj&a=java|search-v3|hpb,
Java Team Lead,Ejada  -,22 days ago,"Cairo, Egypt ",Full TimeExperienced  7 - 10 Yrs of Exp  IT/Software Development  Engineering - Telecom/Technology  Information Technology (IT)  Computer Science  Docker  Agile  Git  Java  MVC  Scrum,https://wuzzuf.net/jobs/p/hHSWyVSrXvqU-Java-Team-Lead-Ejada-Cairo-Cairo-Egypt?o=25&l=sp&t=sj&a=java|search-v3|hpb,
Senior JAVA Backend Developer,Centro CDX -,22 days ago,"Maadi, Cairo, Egypt ",Full TimeExperienced  4 - 5 Yrs of Exp  IT/Software Development  Engineering - Telecom/Technology  AWS  Agile  Docker  Java  MVC  SQL  Spring  Information Technology (IT),https://wuzzuf.net/jobs/p/YnZwShVf7v7s-Senior-JAVA-Backend-Developer-Centro-CDX-Cairo-Egypt?o=26&l=sp&t=sj&a=java|search-v3|hpb,
Senior Java Full Stack Developer,Expleo -,21 days ago,"Maadi, Cairo, Egypt ",Full TimeExperienced  3 - 7 Yrs of Exp  IT/Software Development  Engineering - Telecom/Technology  Angular  Agile  Java  Java EE  DevOps  CI/CD  AngularJS  SQL Server,https://wuzzuf.net/jobs/p/XR8u5pjvJNTu-Senior-Java-Full-Stack-Developer-Expleo-Cairo-Egypt?o=27&l=sp&t=sj&a=java|search-v3|hpb,
Senior Java Developer,Ejada  -,23 days ago,"Cairo, Egypt ",Full TimeExperienced  3 - 5 Yrs of Exp  IT/Software Development  Engineering - Telecom/Technology  Information Technology (IT)  Agile  Java Jee  Software Development  Computer Science  Development  Design  Git,https://wuzzuf.net/jobs/p/vFTdaWRHx4g0-Senior-Java-Developer-Ejada-Cairo-Cairo-Egypt?o=28&l=sp&t=sj&a=java|search-v3|hpb,
Senior Java Developer,Wonder Travel -,23 days ago,"Maadi, Cairo, Egypt ",Full TimeExperienced  5+ Yrs of Exp  males_preferred  IT/Software Development  Engineering - Telecom/Technology  Computer Engineering  Computer Science  Information Technology (IT)  OOP  Java  Software Engineering  Spring  Hibernate,https://wuzzuf.net/jobs/p/ZHYfSqj6yCNP-Senior-Java-Developer-Wonder-Travel-Cairo-Egypt?o=29&l=sp&t=sj&a=java|search-v3|hpb,
Java Developer (FinTech),Bright Creations -,26 days ago,"Smart Village, Giza, Egypt ",Full TimeExperienced  4+ Yrs of Exp  IT/Software Development  Engineering - Telecom/Technology  back-end  APIs  Computer Science  Engineering  Software Development  Java  MVC  RESTful,https://wuzzuf.net/jobs/p/Tiaz4nYviy40-Java-Developer-FinTech-Bright-Creations-Giza-Egypt?o=30&l=sp&t=sj&a=java|search-v3|hpb,
Sr. Java Developer,FlairsTech -,30 days ago,"Maadi, Cairo, Egypt ",Full TimeExperienced  5 - 7 Yrs of Exp  IT/Software Development  Engineering - Telecom/Technology  Information Technology (IT)  Computer Science  Java  JavaScript  Mongo  Software Development  Software Engineering  Spring,https://wuzzuf.net/jobs/p/oykh6yLIRs2r-Sr-Java-Developer-FlairsTech-Cairo-Egypt?o=31&l=sp&t=sj&a=java|search-v3|hpb,
Java Web Developer,MD Labs -,30 days ago,"Nasr City, Cairo, Egypt ",Full TimeEntry Level  1+ Yrs of Exp  IT/Software Development  Quality  Engineering - Telecom/Technology  Computer Science  Agile  Software  Git  Java  Software Development  Web Development,https://wuzzuf.net/jobs/p/vadmDZU1cHk2-Java-Web-Developer-MD-Labs-Cairo-Egypt?o=32&l=sp&t=sj&a=java|search-v3|hpb,
JAVA Developer,Confidential -,30 days ago,"Cairo, Egypt ",Full TimeExperienced  3 - 7 Yrs of Exp  IT/Software Development  Java  Computer Science  Implementing  Software  Information Technology (IT)  business,https://wuzzuf.net/jobs/p/ZXhqBDJ3HwwG-JAVA-Developer-Cairo-Egypt?o=33&l=sp&t=sj&a=java|search-v3|hpb,
Senior Java Developer,DIRAC SYSTEMS -,1 month ago,"Heliopolis, Cairo, Egypt ",Full TimeExperienced  3+ Yrs of Exp  IT/Software Development  Engineering - Telecom/Technology  Computer Science  Design  Information Technology (IT)  Java  Programming  Software Development  Software Engineering  SQL,https://wuzzuf.net/jobs/p/Sb3foB25KNmx-Senior-Java-Developer-DIRAC-SYSTEMS-Cairo-Egypt?o=34&l=sp&t=sj&a=java|search-v3|hpb,
Senior Java Developer,Proxym Group -,1 month ago,"Sheraton, Cairo, Egypt ",Full TimeExperienced  5+ Yrs of Exp  IT/Software Development  Engineering - Telecom/Technology  Java  Spring  Docker  Git  Computer Science  Information Technology (IT)  Software  Software Development,https://wuzzuf.net/jobs/p/QPoMQ8Pi4a3G-Senior-Java-Developer-Proxym-Group-Cairo-Egypt?o=35&l=sp&t=sj&a=java|search-v3|hpb,
Senior Java Developer,eVision -,1 month ago,"New Cairo, Cairo, Egypt ",Full TimeExperienced  3+ Yrs of Exp  IT/Software Development  Engineering - Telecom/Technology  Java  Information Technology (IT)  Computer Science  Software Development  SQL  J2EE  Jira  Information Technology,https://wuzzuf.net/jobs/p/rDmB7BtS9feH-Senior-Java-Developer-eVision-Cairo-Egypt?o=36&l=sp&t=sj&a=java|search-v3|hpb,
Senior Software Engineer (Java / SQL),Remotecoders -,1 month ago,"Cairo, Egypt ",Full TimeExperienced  2 - 15 Yrs of Exp  IT/Software Development  Engineering - Telecom/Technology  Software  Java  senior  Software Development  Software engineer  Software Engineering  SQL  REST,https://wuzzuf.net/jobs/p/DCNOpRQILW77-Senior-Software-Engineer-Java-SQL-Remotecoders-Cairo-Egypt?o=37&l=sp&t=sj&a=java|search-v3|hpb,
Java Developer,ATIS -,1 month ago,"Maadi, Cairo, Egypt ",Full TimeExperienced  4+ Yrs of Exp  IT/Software Development  Engineering - Telecom/Technology  Java  Software Development  Software  Information Technology (IT)  Engineering  Spring  Agile  Computer Science,https://wuzzuf.net/jobs/p/e95Zgkg2h2sJ-Java-Developer-ATIS-Cairo-Egypt?o=38&l=sp&t=sj&a=java|search-v3|hpb,
Java Full Stack Developer,Itechs -,1 month ago,"Heliopolis, Cairo, Egypt ",Full TimeExperienced  3 - 5 Yrs of Exp  IT/Software Development  Engineering - Telecom/Technology  Computer Science  Software Development  Java  CSS  HTML  SQL,https://wuzzuf.net/jobs/p/pr5xgisstete-Java-Full-Stack-Developer-Itechs-Cairo-Egypt?o=39&l=sp&t=sj&a=java|search-v3|hpb,
Senior Java Developer,Media Sci -,1 month ago,"New Cairo, Cairo, Egypt ",Full TimeWork From HomeExperienced  5+ Yrs of Exp  IT/Software Development  Engineering - Telecom/Technology  Computer Science  Information Technology (IT)  Python  MySQL  Software Development  Software Engineering  SOAP  Git,https://wuzzuf.net/jobs/p/1TQAeepNOzTT-Senior-Java-Developer-Media-Sci-Cairo-Egypt?o=40&l=sp&t=sj&a=java|search-v3|hpb,
Senior /Lead Java Developer,Ejada  -,1 month ago,"Cairo, Egypt ",Full TimeExperienced  7 - 12 Yrs of Exp  IT/Software Development  Engineering - Telecom/Technology  Linux  PostgreSQL  Kafka  MQTT  JavaScript  Typescript  HTML  CSS,https://wuzzuf.net/jobs/p/4F9grIXN5Rmy-Senior-Lead-Java-Developer-Ejada-Cairo-Cairo-Egypt?o=41&l=sp&t=sj&a=java|search-v3|hpb,
Java Architect,Ejada  -,1 month ago,"Cairo, Egypt ",Full TimeExperienced  7 - 12 Yrs of Exp  IT/Software Development  Engineering - Telecom/Technology  Java  J2EE  REST  REST webservices  Computer Engineering  Computer Science  Information Technology (IT)  Docker,https://wuzzuf.net/jobs/p/wpdPI0L5pPj7-Java-Architect-Ejada-Cairo-Cairo-Egypt?o=42&l=sp&t=sj&a=java|search-v3|hpb,
Full Stack Java & Angular Developer,Edentech -,1 month ago,"Cairo, Egypt ",Full TimeExperienced  3 - 10 Yrs of Exp  IT/Software Development  Engineering - Telecom/Technology  Spring Boot  AngularJS  Angular  Computer Science  Engineering  CSS3  HTML5  Information Technology (IT),https://wuzzuf.net/jobs/p/MhRR91lsDtMl-Full-Stack-Java-Angular-Developer-Edentech-Cairo-Egypt?o=43&l=sp&t=sj&a=java|search-v3|hpb,
Java Production Support,Air Arabia -,1 month ago,"Mohandessin, Giza, Egypt ",Full TimeExperienced  3 - 5 Yrs of Exp  IT/Software Development  Engineering - Telecom/Technology  application  Java  Information Technology (IT)  Xml Web Services  RESTful Web Services  APL  Event Logging  Communication skills,https://wuzzuf.net/jobs/p/I9E5yAgEHbgA-Java-Production-Support-Air-Arabia-Giza-Egypt?o=44&l=sp&t=sj&a=java|search-v3|hpb,
Java Backend Developer,Masary -,1 month ago,"Maadi, Cairo, Egypt ",Full TimeEntry Level  1 - 2 Yrs of Exp  IT/Software Development  Engineering - Telecom/Technology  Java  Full Stack Development  Computer Science  Software Testing  Troubleshooting  JSON  MyBatis  Wicket,https://wuzzuf.net/jobs/p/IVO1ukd6igSL-Java-Backend-Developer-Masary-Cairo-Egypt?o=45&l=sp&t=sj&a=java|search-v3|hpb,
Senior Java Spring Developer,UnitLabs -,7 days ago,"Mohandessin, Giza, Egypt ",Full TimeWork From HomeExperienced  3 - 5 Yrs of Exp  IT/Software Development  Engineering - Telecom/Technology  Computer Science  Information Technology (IT)  Software Development  Software Engineering  Java  Java Development  Spring  Hibernate,https://wuzzuf.net/jobs/p/YkwxyJH46Dwb-Senior-Java-Spring-Developer-UnitLabs-Giza-Egypt?o=46&l=sp&t=sj&a=java|search-v3|hpb,
Java Developer,Spirawn -,7 days ago,"Washington, D.C., United States ",Full TimeWork From HomeExperienced  2 - 4 Yrs of Exp  IT/Software Development  Engineering - Telecom/Technology  Java  Spring Boot  Java Developer  Information Technology (IT)  Spring  Software Development  Computer Science  Angular,https://wuzzuf.net/jobs/p/imGb0UPYsZzo-Java-Developer-Spirawn-Washington-D-C-United-States?o=47&l=sp&t=sj&a=java|search-v3|hpb,
Java Senior Back-End Developer,Mobilar -,5 days ago,"Nasr City, Cairo, Egypt ",Full TimeWork From HomeExperienced  3 - 15 Yrs of Exp  IT/Software Development  Engineering - Telecom/Technology  Software Testing  Arabic  English  Computer Science  Information Technology (IT)  IT  Quality Control  APIs,https://wuzzuf.net/jobs/p/6xbkX1f4Jd6s-Java-Senior-Back-End-Developer-Mobilar-Cairo-Egypt?o=48&l=sp&t=sj&a=java|search-v3|hpb,
QSIT - Principal Backend Developer (Java),Alkan CIT -,1 month ago,"Cairo, Egypt ",Full TimeExperienced  5 - 7 Yrs of Exp  IT/Software Development  Engineering - Telecom/Technology  Android  Computer Science  Computer Skills  English  GIS  Information Technology (IT)  Software  esri,https://wuzzuf.net/jobs/p/kl4wzvp12rD1-QSIT---Principal-Backend-Developer-Java-Alkan-CIT-Cairo-Egypt?o=49&l=sp&t=sj&a=java|search-v3|hpb,
Java Team Lead,e-finance -,1 month ago,"Smart Village, Giza, Egypt ",Full TimeExperienced  5 - 7 Yrs of Exp  IT/Software Development  Engineering - Telecom/Technology  Java  Java Development  Design  Development  Engineering  Software Development  Computer Science  Software,https://wuzzuf.net/jobs/p/xQleEWjblyho-Java-Team-Lead-e-finance-Giza-Egypt?o=50&l=sp&t=sj&a=java|search-v3|hpb,
Senior Java Developer,LINK Development -,2 months ago,"Maadi, Cairo, Egypt ",Full TimeExperienced  3 - 6 Yrs of Exp  IT/Software Development  Engineering - Telecom/Technology  HTML  javaScript  MySQL  OOP  WordPress  PHP  Laravel  Angular,https://wuzzuf.net/jobs/p/UpU9KLXphaRq-Senior-Java-Developer-LINK-Development-Cairo-Egypt?o=51&l=sp&t=sj&a=java|search-v3|hpb,
Senior Java Developer,siParadigm Egypt -,1 month ago,"Sheraton, Cairo, Egypt ",Full TimeWork From HomeExperienced  5 - 7 Yrs of Exp  IT/Software Development  Engineering - Telecom/Technology  Angular  Computer Science  Engineering  Information Technology (IT)  J2EE  Linux  MySQL  REST,https://wuzzuf.net/jobs/p/V8AcNdmmuawm-Senior-Java-Developer-siParadigm-Egypt-Cairo-Egypt?o=52&l=sp&t=sj&a=java|search-v3|hpb,
Senior Java Enterprise Developer,Confidential -,1 month ago,"New Cairo, Cairo, Egypt ",Full TimeExperienced  7+ Yrs of Exp  IT/Software Development  Engineering - Telecom/Technology  Computer Science  Information Technology (IT)  Java  Software Development  SQL  Spring  SOAP  REST,https://wuzzuf.net/jobs/p/o9Pn6Jevu3uw-Senior-Java-Enterprise-Developer-Cairo-Egypt?o=53&l=sp&t=sj&a=java|search-v3|hpb,
Junior Java Developer,Ultimate Solutions Egypt -,2 months ago,"6th of October, Giza, Egypt ",Full TimeEntry Level  1 - 3 Yrs of Exp  IT/Software Development  Engineering - Telecom/Technology  Computer Science  Information Technology (IT)  Software Development  Java  Software Engineering  Software  Engineering  Spring,https://wuzzuf.net/jobs/p/rPSYs9RRBTX4-Junior-Java-Developer-Ultimate-Solutions-Egypt-Giza-Egypt?o=54&l=sp&t=sj&a=java|search-v3|hpb,
Senior Java Developer,Al Ahly Momkn for e-payment -,2 months ago,"Maadi, Cairo, Egypt ",Full TimeExperienced  3 - 5 Yrs of Exp  IT/Software Development  Engineering - Telecom/Technology  REST  Java  Software Development  Information Technology (IT)  Engineering  Computer Science  Software Engineering  SOAP,https://wuzzuf.net/jobs/p/e0YTrqXAkRlK-Senior-Java-Developer-Al-Ahly-Momkn-for-e-payment-Cairo-Egypt?o=55&l=sp&t=sj&a=java|search-v3|hpb,
Java Spring Developer,Yeshtery -,2 months ago,"Rehab City, Cairo, Egypt ",Full TimePart TimeExperienced  2 - 5 Yrs of Exp  IT/Software Development  Engineering - Telecom/Technology  Engineering  Java  Software  Spring Boot  Spring  Computer Science  Java EE  Programming,https://wuzzuf.net/jobs/p/PubQjANsMoXs-Java-Spring-Developer-Yeshtery-Cairo-Egypt?o=56&l=sp&t=sj&a=java|search-v3|hpb,
Software Architect,Confidential -,2 months ago,"Khobar, Saudi Arabia ",Work From HomeExperienced  5 - 15 Yrs of Exp  IT/Software Development  Spring Boot  Angular  Swift  Java  Android Development  iOS Development,https://wuzzuf.net/jobs/p/QNLt98EQccyK-Software-Architect-Khobar-Saudi-Arabia?o=57&l=sp&t=sj&a=java|search-v3|hpb,
Senior Solution Architect (Hybrid),SSC Egypt -,2 months ago,"Cairo, Egypt ",Full TimeManager  7 - 12 Yrs of Exp  IT/Software Development  .Net  Architect  Architecture  Design  Engineering  Java  Software Development  Solution Architecture  Computer Science,https://wuzzuf.net/jobs/p/NIdxsmtSwroH-Senior-Solution-Architect-Hybrid-SSC-Egypt-Cairo-Egypt?o=58&l=sp&t=sj&a=java|search-v3|hpb,
Application Developer,Elaraby Group -,2 months ago,"Banha, Qalubia, Egypt ",Full TimeEntry Level  1 - 2 Yrs of Exp  R&D/Science  IT/Software Development  Engineering - Telecom/Technology  Java  Android  Software Development  HTML5  application developer  UI  Linux Operating System,https://wuzzuf.net/jobs/p/NB25LjNfyGqn-Application-Developer-Elaraby-Group-Qalubia-Egypt?o=59&l=sp&t=sj&a=java|search-v3|hpb,
Full Stack Team Lead remotely for USA,Confidential -,10 days ago,"Nasr City, Cairo, Egypt ",Full TimeExperienced  10 - 17 Yrs of Exp  IT/Software Development  Engineering - Telecom/Technology  Full Stack Development  Java Development  MongoDB  AWS Cloud  Cybersecurity,https://wuzzuf.net/jobs/p/xqQKk8LUHsfd-Full-Stack-Team-Lead-remotely-for-USA-Cairo-Egypt?o=60&l=sp&t=sj&a=java|search-v3|hpb,
Android Developer,Ayamedica -,3 days ago,"New Cairo, Cairo, Egypt ",Full TimeExperienced  2 - 5 Yrs of Exp  IT/Software Development  MySQL  Java  REST,https://wuzzuf.net/jobs/p/ZesfhWdk8EDJ-Android-Developer-Ayamedica-Cairo-Egypt?o=61&l=sp&t=sj&a=java|search-v3|hpb,
Senior Devops Engineer,Wonder Travel -,3 days ago,"Maadi, Cairo, Egypt ",Full TimeExperienced  3 - 6 Yrs of Exp  IT/Software Development  Engineering - Telecom/Technology  DevOps  Docker  Git  Angular  Software  Software Development  Java  wildfly,https://wuzzuf.net/jobs/p/waw1mskZa9ZS-Senior-Devops-Engineer-Wonder-Travel-Cairo-Egypt?o=62&l=sp&t=sj&a=java|search-v3|hpb,
RBA Developer,Robiquity -,3 days ago,"Dubai, United Arab Emirates ",Full TimeExperienced  2 - 3 Yrs of Exp  IT/Software Development  Engineering - Telecom/Technology  Engineering - Other  UI Path  RPA  Java  C#  HTML  CSS  VB,https://wuzzuf.net/jobs/p/ORA2Iu9r5iAx-RBA-Developer-Robiquity-Dubai-United-Arab-Emirates?o=63&l=sp&t=sj&a=java|search-v3|hpb,
Sr. Flutter Developer,Troylab -,4 days ago,"Downtown, Cairo, Egypt ",Full TimeWork From HomeExperienced  4+ Yrs of Exp  IT/Software Development  Engineering - Telecom/Technology  iOS  Android  flutter  AWS  Computer Science  Development  Information Technology (IT)  Java,https://wuzzuf.net/jobs/p/LXFlbNndIl5q-Sr-Flutter-Developer-Troylab-Cairo-Egypt?o=64&l=sp&t=sj&a=java|search-v3|hpb,
Senior flutter Developer,e-finance -,6 days ago,"6th of October, Giza, Egypt ",Full TimeExperienced  3 - 5 Yrs of Exp  Business Development  IT/Software Development  Engineering - Telecom/Technology  Android  Kotlin  IOS  Objective-C  Information Technology (IT)  JSON  MVC,https://wuzzuf.net/jobs/p/LE4Aqu7iGMsJ-Senior-flutter-Developer-e-finance-Giza-Egypt?o=65&l=sp&t=sj&a=java|search-v3|hpb,
Back-end Developer,Confidential -,6 days ago,"Cairo, Egypt ",Full TimeExperienced  3 - 10 Yrs of Exp  IT/Software Development  Engineering - Telecom/Technology  back-end  Back-End Developer  Computer Science  developer  Information Technology (IT)  Software Development  Java Development  SaaS,https://wuzzuf.net/jobs/p/W2kkhFREf7iy-Back-end-Developer-Cairo-Egypt?o=66&l=sp&t=sj&a=java|search-v3|hpb,
Senior Node JS Developer,SSC Egypt -,7 days ago,"Cairo, Egypt ",Full TimeWork From HomeExperienced  5 - 6 Yrs of Exp  IT/Software Development  Engineering - Telecom/Technology  API  backend  Computer Science  Engineering  Development  Java  JavaScript  node,https://wuzzuf.net/jobs/p/879Nf0ZHBseq-Senior-Node-JS-Developer-SSC-Egypt-Cairo-Egypt?o=67&l=sp&t=sj&a=java|search-v3|hpb,
Devops Engineer,Perfect Presentation -,7 days ago,"6th of October, Giza, Egypt ",Full TimeExperienced  5 - 7 Yrs of Exp  IT/Software Development  DevOps  AWS  Computer Science  Docker  Git  Information Technology (IT)  Java  Linux  MongoDB,https://wuzzuf.net/jobs/p/s8R3KSuMbQz2-Devops-Engineer-Perfect-Presentation-Giza-Egypt?o=68&l=sp&t=sj&a=java|search-v3|hpb,
Solution Architect,Confidential -,13 days ago,"New Cairo, Cairo, Egypt ",Full TimeManager  10 - 12 Yrs of Exp  IT/Software Development  Engineering - Telecom/Technology  Java  Architecture  .Net  SQL  Oracle,https://wuzzuf.net/jobs/p/FiqCpcGxdTD0-Solution-Architect-Cairo-Egypt?o=69&l=sp&t=sj&a=java|search-v3|hpb,
Kotlin Developer - FinTech,Bright Creations -,14 days ago,"Smart Village, Giza, Egypt ",Full TimeExperienced  4+ Yrs of Exp  IT/Software Development  Engineering - Telecom/Technology  Kotlin  Java  APIs  Engineering  RESTful  RESTful APIs  Software  Software Development,https://wuzzuf.net/jobs/p/tD1HfvrFFkiV-Kotlin-Developer---FinTech-Bright-Creations-Giza-Egypt?o=70&l=sp&t=sj&a=java|search-v3|hpb,
Senior Backend .Net Developer,ArabDT -,9 days ago,"Cairo, Egypt ",Full TimeExperienced  5+ Yrs of Exp  IT/Software Development  Engineering - Telecom/Technology  Computer Science  Information Technology (IT)  Agile  .Net  Programming  English  Java  Software,https://wuzzuf.net/jobs/p/thJY0CVKknON-Senior-Backend-Net-Developer-ArabDT-Cairo-Egypt?o=71&l=sp&t=sj&a=java|search-v3|hpb,
Software Quality Control Engineer,Trufla -,9 days ago,"Heliopolis, Cairo, Egypt ",Full TimeExperienced  4+ Yrs of Exp  IT/Software Development  Quality  Engineering - Telecom/Technology  Quality Assurance  Quality Control  Scrum  Software  JavaScript  Engineering  Agile,https://wuzzuf.net/jobs/p/oVSVAIGz9kWe-Software-Quality-Control-Engineer-Trufla-Cairo-Egypt?o=72&l=sp&t=sj&a=java|search-v3|hpb,
Full Stack JAVA Developer,SANTECHTURE  -,2 months ago,"Cairo, Egypt ",Full TimeEntry Level  4 - 6 Yrs of Exp  IT/Software Development  Engineering - Telecom/Technology  Java  Full Stack  SQL  REST  Computer Science  HTML  Information Technology (IT)  Engineering,https://wuzzuf.net/jobs/p/isoHBvi96GUd-Full-Stack-JAVA-Developer-SANTECHTURE-Cairo-Egypt?o=73&l=sp&t=sj&a=java|search-v3|hpb,
Senior Flutter Developer,Affsquare -,10 days ago,"Zagazig, Sharqia, Egypt ",Full TimeExperienced  3 - 5 Yrs of Exp  IT/Software Development  Engineering - Telecom/Technology  Information Technology (IT)  Java  Software  Computer Science  Agile  Version Control  MVVM  Android,https://wuzzuf.net/jobs/p/jdoKtlWI022M-Senior-Flutter-Developer-Affsquare-Sharqia-Egypt?o=74&l=sp&t=sj&a=java|search-v3|hpb,
Java Developer, Qeema -,2 months ago,"Heliopolis, Cairo, Egypt ",Full TimeExperienced  3 - 5 Yrs of Exp  IT/Software Development  Engineering - Telecom/Technology  Java Developer  Computer Science  Information Technology (IT)  JUnit  Kubernetes  Oracle  Software Development  SQL,https://wuzzuf.net/jobs/p/V3sZEtnVGIeL-Java-Developer-Qeema-Cairo-Egypt?o=75&l=sp&t=sj&a=java|search-v3|hpb,
Computer Science / Programming / Science Instructor for Students,Edu-Zone -,4 days ago,"Cairo, Egypt ",Full TimePart TimeEntry Level  1 - 3 Yrs of Exp  IT/Software Development  Engineering - Telecom/Technology  Education/Teaching  Software Development  Software Engineering  Java Software Development  Android Software  Computer Science  Computer Engineering  Computer Systems,https://wuzzuf.net/jobs/p/OmSDzyaHWXZ8-Computer-Science-Programming-Science-Instructor-for-Students-Edu-Zone-Cairo-Egypt?o=76&l=sp&t=sj&a=java|search-v3|hpb,
Mid Junior Front End Developer,Wonder Travel -,5 days ago,"Maadi, Cairo, Egypt ",Full TimeEntry Level  2 - 4 Yrs of Exp  males_preferred  IT/Software Development  Engineering - Telecom/Technology  Computer Engineering  Computer Science  Information Technology (IT)  OOP  Java  Software Engineering  Spring  Hibernate,https://wuzzuf.net/jobs/p/UedfJOl1mI8q-Mid-Junior-Front-End-Developer-Wonder-Travel-Cairo-Egypt?o=77&l=sp&t=sj&a=java|search-v3|hpb,
Senior Front End Developer,Wonder Travel -,5 days ago,"Maadi, Cairo, Egypt ",Full TimeExperienced  4 - 6 Yrs of Exp  males_preferred  IT/Software Development  Engineering - Telecom/Technology  Computer Engineering  Computer Science  Information Technology (IT)  OOP  Java  Software Engineering  Spring  Hibernate,https://wuzzuf.net/jobs/p/vWd2Kg0dKnB8-Senior-Front-End-Developer-Wonder-Travel-Cairo-Egypt?o=78&l=sp&t=sj&a=java|search-v3|hpb,
Android Software Engineer - Alexandria,Softxpert Incorporation  -,7 days ago,"Alexandria, Egypt ",Full TimeExperienced  1 - 3 Yrs of Exp  IT/Software Development  Engineering - Telecom/Technology  Android  Java  C++  APIS  GIT  SVN  Information Technology (IT)  Android SDK,https://wuzzuf.net/jobs/p/AHnbvd1aQjaO-Android-Software-Engineer---Alexandria-Softxpert-Incorporation-Alexandria-Egypt?o=79&l=sp&t=sj&a=java|search-v3|hpb,
Mendix Developer,Confidential -,14 days ago,"Maadi, Cairo, Egypt ","Full TimeEntry Level  1+ Yrs of Exp  IT/Software Development  Engineering - Telecom/Technology  mendix,  JavaScript  HTML  CSS  Java  SQL  Mobile Application Development  Software Development",https://wuzzuf.net/jobs/p/24FwWoPldHFi-Mendix-Developer-Cairo-Egypt?o=80&l=sp&t=sj&a=java|search-v3|hpb,
Mobile Application Developer,MegaSoft -,19 days ago,"Heliopolis, Cairo, Egypt ",Full TimeExperienced  4+ Yrs of Exp  IT/Software Development  Engineering - Telecom/Technology  Information Technology (IT)  Computer Science  Software Development  Software Engineering  java  English  Software  Design,https://wuzzuf.net/jobs/p/5FHo60NJdC75-Mobile-Application-Developer-MegaSoft-Cairo-Egypt?o=81&l=sp&t=sj&a=java|search-v3|hpb,
Android Team Lead (On-Site),Union Coop -,15 days ago,"Dokki, Giza, Egypt ",Full TimeManager  5+ Yrs of Exp  IT/Software Development  Engineering - Telecom/Technology  Agile  Android  Management  Software Development  Software  Software Engineering  Kotlin  Java,https://wuzzuf.net/jobs/p/camAX8kbpj7X-Android-Team-Lead-On-Site-Union-Coop-Giza-Egypt?o=82&l=sp&t=sj&a=java|search-v3|hpb,
PHP Engineering Manager,Confidential -,10 days ago,"Nasr City, Cairo, Egypt ",Full TimeManager  4+ Yrs of Exp  IT/Software Development  Engineering - Telecom/Technology  Android  Mobile Development  Software Development  Android SDK  Android Studio  Computer Science  Information Technology (IT)  Engineering,https://wuzzuf.net/jobs/p/4AjPZuj0ucSs-PHP-Engineering-Manager-Cairo-Egypt?o=83&l=sp&t=sj&a=java|search-v3|hpb,
PHP Engineering Lead,Confidential -,10 days ago,"Nasr City, Cairo, Egypt ",Full TimeManager  4+ Yrs of Exp  IT/Software Development  Engineering - Telecom/Technology  Android  Mobile Development  Software Development  Android SDK  Android Studio  Computer Science  Information Technology (IT)  Engineering,https://wuzzuf.net/jobs/p/WNHgiT6psVVI-PHP-Engineering-Lead-Cairo-Egypt?o=84&l=sp&t=sj&a=java|search-v3|hpb,
Computer Science & Computer Engineering Fresh Graduates,Confidential -,19 days ago,"Heliopolis, Cairo, Egypt ",Full TimeEntry Level  0 - 2 Yrs of Exp  IT/Software Development  Engineering - Telecom/Technology  Information Technology (IT)  Computer Science  Software Development  IBM Tools  ITSM  Software Engineering  SQL  DB2,https://wuzzuf.net/jobs/p/dXOoByLFQRjr-Computer-Science-Computer-Engineering-Fresh-Graduates-Cairo-Egypt?o=85&l=sp&t=sj&a=java|search-v3|hpb,
Senior Android Developer (on-site),Union Coop -,20 days ago,"Dokki, Giza, Egypt ",Full TimeExperienced  5+ Yrs of Exp  IT/Software Development  Android  Kotlin  Java  Software Engineering  Software Development,https://wuzzuf.net/jobs/p/9UPz4SsAdlpI-Senior-Android-Developer-on-site-Union-Coop-Giza-Egypt?o=86&l=sp&t=sj&a=java|search-v3|hpb,
Java Back-End Expert,Confidential -,2 months ago,"New Cairo, Cairo, Egypt ",Full TimeExperienced  10+ Yrs of Exp  IT/Software Development  Engineering - Telecom/Technology  Agile  Computer Science  Docker  Information Technology (IT)  Git  Java  Oracle  React,https://wuzzuf.net/jobs/p/TRhAJPAZWeCp-Java-Back-End-Expert-Cairo-Egypt?o=87&l=sp&t=sj&a=java|search-v3|hpb,
Linux System Administrator,GetTechForce.com -,22 days ago,"Cairo, Egypt ",Full TimeWork From HomeExperienced  3+ Yrs of Exp  Administration  IT/Software Development  Engineering - Telecom/Technology  Linux Operating System  Linux System Administration  Information Technology (IT)  Apache  Debian  Java  MySQL,https://wuzzuf.net/jobs/p/9W8OHUDr0TqA-Linux-System-Administrator-GetTechForce-com-Cairo-Egypt?o=88&l=sp&t=sj&a=java|search-v3|hpb,
Junior Software Engineer,MegaSoft -,19 days ago,"Heliopolis, Cairo, Egypt ",Full TimeEntry Level  1 - 2 Yrs of Exp  IT/Software Development  Engineering - Telecom/Technology  C++  C#  .NET  Java  SQL  Network  Server Operating Systems  Information Technology (IT),https://wuzzuf.net/jobs/p/ZD08wLcKN82Q-Junior-Software-Engineer-MegaSoft-Cairo-Egypt?o=89&l=sp&t=sj&a=java|search-v3|hpb,
Junior BI Developer,MegaSoft -,19 days ago,"Heliopolis, Cairo, Egypt ",Full TimeEntry Level  1 - 2 Yrs of Exp  IT/Software Development  Engineering - Telecom/Technology  SQL  Information Technology (IT)  Software Engineering  Computer Science  Software  IBM  Service Management  Reporting,https://wuzzuf.net/jobs/p/jSkvS8JQWMhP-Junior-BI-Developer-MegaSoft-Cairo-Egypt?o=90&l=sp&t=sj&a=java|search-v3|hpb,
Software Developer,eVision -,19 days ago,"New Cairo, Cairo, Egypt ",Full TimeExperienced  3+ Yrs of Exp  IT/Software Development  Engineering - Telecom/Technology  Java  Information Technology (IT)  Computer Science  Software Development  SQL  J2EE  Jira  Information Technology,https://wuzzuf.net/jobs/p/IGVDNpcn0CBv-Software-Developer-eVision-Cairo-Egypt?o=91&l=sp&t=sj&a=java|search-v3|hpb,
Senior Software Engineer - Alexandria,Softxpert Incorporation  -,16 days ago,"Alexandria, Egypt ",Full TimeExperienced  2 - 4 Yrs of Exp  IT/Software Development  Engineering - Telecom/Technology  Computer Science  Computer Engineering  PHP Development  Information Technology (IT)  Engineering  Software Development  Software Engineering  Problem Solving,https://wuzzuf.net/jobs/p/ciu4wgHXCdC4-Senior-Software-Engineer---Alexandria-Softxpert-Incorporation-Alexandria-Egypt?o=92&l=sp&t=sj&a=java|search-v3|hpb,
Automation Testing Engineer.,Fawry for Banking Technology and Electronic Payments S.A.E -,20 days ago,"Smart Village, Giza, Egypt ",Full TimeExperienced  2 - 4 Yrs of Exp  IT/Software Development  Quality  Engineering - Telecom/Technology  Automation  Computer Science  Engineering  Information Technology (IT)  Software Testing  SQL  Testing,https://wuzzuf.net/jobs/p/6TctgCjc0JZA-Automation-Testing-Engineer-Fawry-for-Banking-Technology-and-Electronic-Payments-S-A-E-Giza-Egypt?o=93&l=sp&t=sj&a=java|search-v3|hpb,
Senior Devops Engineer,Expleo -,21 days ago,"Maadi, Cairo, Egypt ",Full TimeExperienced  3 - 5 Yrs of Exp  IT/Software Development  Engineering - Telecom/Technology  Engineering  Java  Information Technology (IT)  Azure DevOps Server  Git  Software Development  Computer Science  AWS,https://wuzzuf.net/jobs/p/OKUMOgQGxNs3-Senior-Devops-Engineer-Expleo-Cairo-Egypt?o=94&l=sp&t=sj&a=java|search-v3|hpb,
Software Tester (Technical Engineer) - German Speaker,Expleo -,21 days ago,"Maadi, Cairo, Egypt ",Full TimeEntry Level  1 - 3 Yrs of Exp  IT/Software Development  Quality  Engineering - Telecom/Technology  C#  Java  Information Technology (IT)  Quality Control  Quality Assurance  Software Testing,https://wuzzuf.net/jobs/p/135621-Software-Tester-Technical-Engineer---German-Speaker-Expleo-Cairo-Egypt?o=95&l=sp&t=sj&a=java|search-v3|hpb,
Senior Load & Performance Test Engineer,Expleo -,21 days ago,"Maadi, Cairo, Egypt ",Full TimeWork From HomeExperienced  4 - 8 Yrs of Exp  IT/Software Development  Quality  Engineering - Telecom/Technology  Agile  DevOps  Engineering  Performance  Testing  JMeter  Software Testing,https://wuzzuf.net/jobs/p/JGxGrTc0hoNu-Senior-Load-Performance-Test-Engineer-Expleo-Cairo-Egypt?o=96&l=sp&t=sj&a=java|search-v3|hpb,
Xamarin Cross-Platform Mobile Apps Developer,Compu master -,21 days ago,"Maadi, Cairo, Egypt ",Full TimeEntry Level  1 - 3 Yrs of Exp  IT/Software Development  Engineering - Telecom/Technology  Xamarin  Software Development  Computer Science  Software Engineering  C#  REST  Mobile Development  Android,https://wuzzuf.net/jobs/p/yS6nsEsxVfCi-Xamarin-Cross-Platform-Mobile-Apps-Developer-Compu-master-Cairo-Egypt?o=97&l=sp&t=sj&a=java|search-v3|hpb,
Technical Engineer - German Speaker,Expleo -,21 days ago,"Maadi, Cairo, Egypt ",Full TimeEntry Level  1 - 3 Yrs of Exp  Installation/Maintenance/Repair  IT/Software Development  Engineering - Telecom/Technology  Engineering  Information Technology (IT)  German  English  Java  Technical Support  Computer Science,https://wuzzuf.net/jobs/p/rvI625TxXO43-Technical-Engineer---German-Speaker-Expleo-Cairo-Egypt?o=98&l=sp&t=sj&a=java|search-v3|hpb,
Devops Engineer,Yeshtery -,22 days ago,"New Cairo, Cairo, Egypt ",Full TimePart TimeExperienced  2 - 5 Yrs of Exp  Installation/Maintenance/Repair  IT/Software Development  Engineering - Telecom/Technology  Engineering  Git  DevOps  Computer Science  Agile  Java,https://wuzzuf.net/jobs/p/TBlwOr00HODA-Devops-Engineer-Yeshtery-Cairo-Egypt?o=99&l=sp&t=sj&a=java|search-v3|hpb,
Full Stack Web Developer (UX/UI),Confidential -,22 days ago,"Cairo, Egypt ",Full TimeExperienced  6+ Yrs of Exp  IT/Software Development  Engineering - Telecom/Technology  JavaScript  Full Stack  Information Technology (IT)  Python  Java  HTML  CSS  Software Development,https://wuzzuf.net/jobs/p/y2Nk0wo1YO0g-Full-Stack-Web-Developer-UXUI-Cairo-Egypt?o=100&l=sp&t=sj&a=java|search-v3|hpb,
Senior Native Android Developer (Kotlin) - Urgent,IT-Gates -,22 days ago,"Cairo, Egypt ",Full TimeEntry Level  1 - 3 Yrs of Exp  IT/Software Development  Engineering - Telecom/Technology  Android  Computer Science  Design  Information Technology (IT)  Java  Kotlin  Software Development  Web Development,https://wuzzuf.net/jobs/p/1S34vfZUzLGY-Senior-Native-Android-Developer-Kotlin---Urgent-IT-Gates-Cairo-Egypt?o=101&l=sp&t=sj&a=java|search-v3|hpb,
Senior Software Automation Tester,Luftborn -,22 days ago,"Heliopolis, Cairo, Egypt ",Full TimeExperienced  3+ Yrs of Exp  IT/Software Development  Quality  Engineering - Telecom/Technology  Quality Control  ISTQB  Selenium  Automation Testing  English  Information Technology (IT)  Computer Science,https://wuzzuf.net/jobs/p/ZCeUORXq7TSZ-Senior-Software-Automation-Tester-Luftborn-Cairo-Egypt?o=102&l=sp&t=sj&a=java|search-v3|hpb,
Full Stack Developer,Paymint -,19 days ago,"Cairo, Egypt ",Full TimeExperienced  2+ Yrs of Exp  IT/Software Development  Engineering - Telecom/Technology  back-end  HTML5  PHP  Software Development  CSS  JavaScript  DevOps  Information Technology (IT),https://wuzzuf.net/jobs/p/PPTyC61x9NPl-Full-Stack-Developer-Paymint-Cairo-Egypt?o=103&l=sp&t=sj&a=java|search-v3|hpb,
IoT Lab Specialist - Assiut,Cultiv -,23 days ago,"New Assuit, Assiut, Egypt ",Full TimeEntry Level  1 - 4 Yrs of Exp  IT/Software Development  Engineering - Telecom/Technology  Software Engineering  Software Development  Java  Python  Electronics  Altium  Proteus  Eagle,https://wuzzuf.net/jobs/p/frZlPb2rLp2o-IoT-Lab-Specialist---Assiut-Cultiv-Assiut-Egypt?o=104&l=sp&t=sj&a=java|search-v3|hpb,
Senior .NET Full Stack Developer (.NET Core & Angular),Excel Systems   -,23 days ago,"Sheikh Zayed, Giza, Egypt ",Full TimeExperienced  4+ Yrs of Exp  males_only  IT/Software Development  Engineering - Telecom/Technology  ASP.NET  ADO.NET  C#.Net  .NET  .NEt Full Stack Developer  Full Stack Developer  java  Python,https://wuzzuf.net/jobs/p/gFQia4H6R8ce-Senior-NET-Full-Stack-Developer-NET-Core-Angular-Excel-Systems-Giza-Egypt?o=105&l=sp&t=sj&a=java|search-v3|hpb,
Senior Android Developer,Ego -,21 days ago,"Riyadh, Saudi Arabia ",Full TimeExperienced  5 - 8 Yrs of Exp  IT/Software Development  Engineering - Telecom/Technology  Software Engineering  Computer Science  Software Development  APIs  Android SDK  Android  Kotlin  Java,https://wuzzuf.net/jobs/p/uiXLNLH31fgc-Senior-Android-Developer-Ego-Riyadh-Saudi-Arabia?o=106&l=sp&t=sj&a=java|search-v3|hpb,
Angular Developer,Ultimate Solutions Egypt -,22 days ago,"6th of October, Giza, Egypt ",Full TimeExperienced  3 - 5 Yrs of Exp  IT/Software Development  Engineering - Telecom/Technology  Angular  Software Development  Web Development  Dot Net Web Developer  NET  NET Developer  Java Software Development  UX Design,https://wuzzuf.net/jobs/p/SIiBnAk0GFx8-Angular-Developer-Ultimate-Solutions-Egypt-Giza-Egypt?o=107&l=sp&t=sj&a=java|search-v3|hpb,
Jira Admin,FlairsTech -,28 days ago,"Maadi, Cairo, Egypt ",Full TimeExperienced  3 - 5 Yrs of Exp  IT/Software Development  Engineering - Telecom/Technology  JIRA  SQL  Confluence  Bitbucket  JavaScript  Java,https://wuzzuf.net/jobs/p/cbHR8g8ioBjm-Jira-Admin-FlairsTech-Cairo-Egypt?o=108&l=sp&t=sj&a=java|search-v3|hpb,
Application Support Engineer (L2 Banking Support),ITS  -,23 days ago,"Cairo, Egypt ",Full TimeExperienced  2 - 10 Yrs of Exp  Installation/Maintenance/Repair  IT/Software Development  Engineering - Telecom/Technology  application  Application Support  computer  Computer Science  Customer Support  Development  Engineering,https://wuzzuf.net/jobs/p/nmAqK4vHwY9K-Application-Support-Engineer-L2-Banking-Support-ITS-Cairo-Egypt?o=109&l=sp&t=sj&a=java|search-v3|hpb,
Scrum Master,Onecard -,24 days ago,"Nasr City, Cairo, Egypt ",Full TimeExperienced  3 - 5 Yrs of Exp  IT/Software Development  Engineering - Telecom/Technology  Computer Science  Development  Information Technology (IT)  Java  Software  Management  JIRA  Spring,https://wuzzuf.net/jobs/p/JHZTmsvn8Qer-Scrum-Master-Onecard-Cairo-Egypt?o=110&l=sp&t=sj&a=java|search-v3|hpb,
Android Team Leader,Sarmady -,27 days ago,"Mohandessin, Giza, Egypt ",Full TimeManager  5+ Yrs of Exp  IT/Software Development  Engineering - Telecom/Technology  Android  Architecture  Computer Science  English  Git  Information Technology (IT)  Java  Leadership,https://wuzzuf.net/jobs/p/PCW8rNxAkjmq-Android-Team-Leader-Sarmady-Giza-Egypt?o=111&l=sp&t=sj&a=java|search-v3|hpb,
Odoo Software Developer,Egytrans -,29 days ago,"Shatby, Alexandria, Egypt ",Full TimeEntry Level  1 - 2 Yrs of Exp  IT/Software Development  Engineering - Telecom/Technology  Software Development  Computer Science  Information Technology (IT)  Software  Software Engineering  English  Java  Management,https://wuzzuf.net/jobs/p/TQZzh38xnn0B-Odoo-Software-Developer-Egytrans-Alexandria-Egypt?o=112&l=sp&t=sj&a=java|search-v3|hpb,
Scrum Master,MD Labs -,30 days ago,"Nasr City, Cairo, Egypt ",Full TimeExperienced  2+ Yrs of Exp  IT/Software Development  Engineering - Telecom/Technology  Agile  Computer Science  Scrum  Scrum Master  Information Technology (IT)  Computer Engineering  Development  Software Development,https://wuzzuf.net/jobs/p/GGzEbLNhwRIg-Scrum-Master-MD-Labs-Cairo-Egypt?o=113&l=sp&t=sj&a=java|search-v3|hpb,
Junior Python Developer,RDI -,1 month ago,"Dokki, Giza, Egypt ",Full TimeEntry Level  1+ Yrs of Exp  IT/Software Development  Engineering - Telecom/Technology  Python  SQL  MySQL  RESTful  JavaScript  Django  Flask  Docker,https://wuzzuf.net/jobs/p/0yvTijkcosNQ-Junior-Python-Developer-RDI-Giza-Egypt?o=114&l=sp&t=sj&a=java|search-v3|hpb,
Senior Backend Developer,Reliance Egypt -,1 month ago,"Downtown, Cairo, Egypt ",Full TimeWork From HomeExperienced  3 - 5 Yrs of Exp  IT/Software Development  Engineering - Telecom/Technology  Computer Science  Java  Web Development  SQL  Software Development  Information Technology (IT)  REST  Git,https://wuzzuf.net/jobs/p/7epwYAj3UL5y-Senior-Backend-Developer-Reliance-Egypt-Cairo-Egypt?o=115&l=sp&t=sj&a=java|search-v3|hpb,
OutSystems Developer,Ejada  -,29 days ago,"Cairo, Egypt ",Full TimeExperienced  3 - 6 Yrs of Exp  IT/Software Development  Engineering - Telecom/Technology  .Net  HTML  OutSystems  Java  JavaScript  CSS  HTML5  REST,https://wuzzuf.net/jobs/p/y3JdMJTSBw8I-OutSystems-Developer-Ejada-Cairo-Egypt?o=116&l=sp&t=sj&a=java|search-v3|hpb,
Android Developer - Senior - Remote,GetTechForce.com -,1 month ago,"Cairo, Egypt ",Full TimeWork From HomeExperienced  3+ Yrs of Exp  IT/Software Development  Engineering - Telecom/Technology  Agile  Android  Android studio  Computer Science  Information Technology (IT)  Git  Java  Kotlin,https://wuzzuf.net/jobs/p/9uiZ37Kh4U9p-Android-Developer---Senior---Remote-GetTechForce-com-Cairo-Egypt?o=117&l=sp&t=sj&a=java|search-v3|hpb,
Senior Android Developer,Al Ahly Momkn for e-payment -,1 month ago,"Maadi, Cairo, Egypt ",Full TimeExperienced  2 - 5 Yrs of Exp  IT/Software Development  Engineering - Telecom/Technology  Android  Kotlin  Software Development  Information Technology (IT)  Computer Science  Java  Software Engineering  REST,https://wuzzuf.net/jobs/p/OmGQPPcvW3v5-Senior-Android-Developer-Al-Ahly-Momkn-for-e-payment-Cairo-Egypt?o=118&l=sp&t=sj&a=java|search-v3|hpb,
Android Developer,Akhnaton for Trading & Distributing  -,1 month ago,"Cairo, Egypt ",Full TimeEntry Level  1 - 5 Yrs of Exp  IT/Software Development  Engineering - Telecom/Technology  Android  Computer Science  Mobile Development  native  Software Development  Information Technology (IT)  Mobile  Java,https://wuzzuf.net/jobs/p/aUXwjA9qMCEy-Android-Developer-Akhnaton-for-Trading-Distributing-Cairo-Egypt?o=119&l=sp&t=sj&a=java|search-v3|hpb,
senior native android developer (Kotlin),IT-Gates -,1 month ago,"Cairo, Egypt ",Full TimeExperienced  1 - 3 Yrs of Exp  Creative/Design/Art  IT/Software Development  Engineering - Telecom/Technology  Android  Computer Science  Design  Information Technology (IT)  Java  Kotlin  Software Development,https://wuzzuf.net/jobs/p/jth6G41Rtd44-senior-native-android-developer-Kotlin-IT-Gates-Cairo-Egypt?o=120&l=sp&t=sj&a=java|search-v3|hpb,
Full Stack Developer,Khales -,1 month ago,"Giza, Egypt ",Full TimeExperienced  3 - 5 Yrs of Exp  IT/Software Development  Engineering - Telecom/Technology  back-end  Agile  Python  API  Java  Web Development  Development  Bootstrap,https://wuzzuf.net/jobs/p/X94ykOAWiSr9-Full-Stack-Developer-Khales-Giza-Egypt?o=121&l=sp&t=sj&a=java|search-v3|hpb,
Cloud Solutions Delivery Leads / Senior Saudi Arabia,Ejada  -,1 month ago,"Jeddah, Saudi Arabia ",Full TimeExperienced  5 - 12 Yrs of Exp  IT/Software Development  Engineering - Telecom/Technology  Amazon AWS  OCI  IBM Cloud  Microsoft Azure  Vmware  Kubernetes  Docker  Java,https://wuzzuf.net/jobs/p/lLEx13tZuesp-Cloud-Solutions-Delivery-Leads-Senior-Saudi-Arabia-Ejada-Cairo-Jeddah-Saudi-Arabia?o=122&l=sp&t=sj&a=java|search-v3|hpb,
Cloud Developers Full Stack / Senior,Ejada  -,1 month ago,"Cairo, Egypt ",Full TimeExperienced  5 - 8 Yrs of Exp  IT/Software Development  Engineering - Telecom/Technology  API  Azure  Cloud  Computer Science  Development  Information Technology (IT)  Java  JavaScript,https://wuzzuf.net/jobs/p/Rx0uf8JQv4ic-Cloud-Developers-Full-Stack-Senior-Ejada-Cairo-Cairo-Egypt?o=123&l=sp&t=sj&a=java|search-v3|hpb,
Senior Web & Mobile App Engineer,Infinity Clinic Pharma -,1 month ago,"Nasr City, Cairo, Egypt ",Full TimeExperienced  6 - 8 Yrs of Exp  males_only  IT/Software Development  Engineering - Telecom/Technology  Computer Science  Angular  Engineering  CSS  HTML  Information Technology (IT)  Java  PHP,https://wuzzuf.net/jobs/p/pe8vO1DaN6bP-Senior-Web-Mobile-App-Engineer-Infinity-Clinic-Pharma-Cairo-Egypt?o=124&l=sp&t=sj&a=java|search-v3|hpb,
OutSystems  Production Application Support - Saudi Arabia Based,Ejada  -,1 month ago,"Jeddah, Saudi Arabia ",Full TimeExperienced  4 - 10 Yrs of Exp  IT/Software Development  Engineering - Telecom/Technology  JavaScript  Java  .Net Framework  ASP.NET Core  UAT  Business Process Technology  SOAP  SQL,https://wuzzuf.net/jobs/p/rVny06N03m9M-OutSystems--Production-Application-Support---Saudi-Arabia-Based-Ejada-Cairo-Jeddah-Saudi-Arabia?o=125&l=sp&t=sj&a=java|search-v3|hpb,
Mobile Application Developer - Ionic & Flutter,Flojics -,1 month ago,"Glim, Alexandria, Egypt ",Full TimeEntry Level  1 - 5 Yrs of Exp  Installation/Maintenance/Repair  IT/Software Development  Engineering - Telecom/Technology  Android  Computer Science  Information Technology (IT)  OOP  Design  Java  Software Development,https://wuzzuf.net/jobs/p/ug2d5UOCosBU-Mobile-Application-Developer---Ionic-Flutter-Flojics-Alexandria-Egypt?o=126&l=sp&t=sj&a=java|search-v3|hpb,
Software Quality Assurance Specialist,Jumia -,1 month ago,"Cairo, Egypt ",Full TimeExperienced  3 - 5 Yrs of Exp  IT/Software Development  Quality  Engineering - Telecom/Technology  QA  Computer Science  Quality Assurance  Software  Testing  API  Perfromance,https://wuzzuf.net/jobs/p/qkNvQUCoHRT3-Software-Quality-Assurance-Specialist-Jumia-Cairo-Egypt?o=127&l=sp&t=sj&a=java|search-v3|hpb,
ITSM System Engineer,Worex -,1 month ago,"Maadi, Cairo, Egypt ",Full TimeEntry Level  0 - 1 Yrs of Exp  IT/Software Development  Engineering - Telecom/Technology  Agile  Computer Science  Computer Engineering  MySQL  Engineering  HTML  Information Technology (IT)  Java,https://wuzzuf.net/jobs/p/6lq0bHm8lG54-ITSM-System-Engineer-Worex-Cairo-Egypt?o=128&l=sp&t=sj&a=java|search-v3|hpb,
ITOM Systems Engineer,Worex -,1 month ago,"Maadi, Cairo, Egypt ",Full TimeEntry Level  0 - 2 Yrs of Exp  Installation/Maintenance/Repair  IT/Software Development  Engineering - Telecom/Technology  System Administration  Network Administration  Problem Solving  MySQL  Computer Engineering  Computer Science  Engineering,https://wuzzuf.net/jobs/p/vji4mLYIb6BC-ITOM-Systems-Engineer-Worex-Cairo-Egypt?o=129&l=sp&t=sj&a=java|search-v3|hpb,
Solutions Architect,ARROW Electronics  -,1 month ago,"Nasr City, Cairo, Egypt ",Full TimeManager  10+ Yrs of Exp  IT/Software Development  Engineering - Telecom/Technology  Architecture  Computer Science  Information Technology (IT)  Java  Design  MySQL  Software Development  Management,https://wuzzuf.net/jobs/p/eccAMGLbxq99-Solutions-Architect-ARROW-Electronics-Cairo-Egypt?o=130&l=sp&t=sj&a=java|search-v3|hpb,
IT Security Specialist,Power Sports&ftiness -,1 month ago,"Dokki, Giza, Egypt ",Full TimeExperienced  2 - 4 Yrs of Exp  IT/Software Development  Engineering - Telecom/Technology  Computer Science  Information Technology (IT)  IT Security  networks  Computer Engineering  CCNA  Java  computer,https://wuzzuf.net/jobs/p/gHU6woK3IKHd-IT-Security-Specialist-Power-Sportsftiness-Giza-Egypt?o=131&l=sp&t=sj&a=java|search-v3|hpb,
Oracle Apex Developer,Ultimate Solutions Egypt -,1 month ago,"Sheikh Zayed, Giza, Egypt ",Full TimeEntry Level  1 - 2 Yrs of Exp  IT/Software Development  Engineering - Telecom/Technology  Computer Science  Database  HTML  Information Technology (IT)  Java  PL/SQL  Software Development  PL,https://wuzzuf.net/jobs/p/kxCHga0HVNF2-Oracle-Apex-Developer-Ultimate-Solutions-Egypt-Giza-Egypt?o=132&l=sp&t=sj&a=java|search-v3|hpb,
Technical Lead (On-Site),Union Coop -,2 months ago,"Dokki, Giza, Egypt ",Full TimeManager  5+ Yrs of Exp  IT/Software Development  Engineering - Telecom/Technology  Computer Science  Engineering  Information Technology (IT)  MySQL  PHP  Software Engineering  Software Development  Java,https://wuzzuf.net/jobs/p/CxKoQxcaMokR-Technical-Lead-On-Site-Union-Coop-Giza-Egypt?o=133&l=sp&t=sj&a=java|search-v3|hpb,
Application Developer,Egypt Kuwait Holding -,2 months ago,"Agouza, Giza, Egypt ",Full TimeExperienced  5+ Yrs of Exp  IT/Software Development  Engineering - Telecom/Technology  Computer Science  Information Technology (IT)  Java  JSP  SOAP  Software Development  Design  Oracle,https://wuzzuf.net/jobs/p/ijLNmjzKYq5j-Application-Developer-Egypt-Kuwait-Holding-Giza-Egypt?o=134&l=sp&t=sj&a=java|search-v3|hpb,
E-Payment Operations Specialist,e-finance -,2 months ago,"6th of October, Giza, Egypt ",Full TimeEntry Level  1 - 3 Yrs of Exp  IT/Software Development  Operations/Management  .NET  Java  Payment  E-Commerce  Operations  Customer Service  English  Banking,https://wuzzuf.net/jobs/p/RxMbfkOphRZh-E-Payment-Operations-Specialist-e-finance-Giza-Egypt?o=135&l=sp&t=sj&a=java|search-v3|hpb,
Senior Software Engineer (BackEnd),GoTrah -,2 months ago,"Cairo, Egypt ",Full TimeExperienced  3+ Yrs of Exp  IT/Software Development  Engineering - Telecom/Technology  Software Development  backend  Computer Science  Information Technology (IT)  Software engineer  Software Engineering  Software  senior,https://wuzzuf.net/jobs/p/kXfGMHfprZNu-Senior-Software-Engineer-BackEnd-GoTrah-Cairo-Egypt?o=136&l=sp&t=sj&a=java|search-v3|hpb,
Lead Software Engineer,GoTrah -,2 months ago,"Cairo, Egypt ",Full TimeManager  6+ Yrs of Exp  IT/Software Development  Engineering - Telecom/Technology  Agile  Computer Science  Information Technology (IT)  JavaScript  Java  OOP  Programming  Git,https://wuzzuf.net/jobs/p/q3tGZNU1NAoG-Lead-Software-Engineer-GoTrah-Cairo-Egypt?o=137&l=sp&t=sj&a=java|search-v3|hpb,
Cyber Security Engineer,axispay -,2 months ago,"Cairo, Egypt ",Full TimeExperienced  3+ Yrs of Exp  IT/Software Development  Engineering - Telecom/Technology  Engineering  Information Technology (IT)  Cyber Security  Computer Science  Microsoft Office  Security  Python  SIEM,https://wuzzuf.net/jobs/p/jm5NRT8ODUVK-Cyber-Security-Engineer-axispay-Cairo-Egypt?o=138&l=sp&t=sj&a=java|search-v3|hpb,
Software Developer,Egytrans -,2 months ago,"Shatby, Alexandria, Egypt ",Full TimeEntry Level  1 - 2 Yrs of Exp  IT/Software Development  Engineering - Telecom/Technology  Software Development  Computer Science  Information Technology (IT)  Software  developer  software developer  Software Engineering  English,https://wuzzuf.net/jobs/p/UnDhdMjeKDcS-Software-Developer-Egytrans-Alexandria-Egypt?o=139&l=sp&t=sj&a=java|search-v3|hpb,
Microsoft Dynamics CRM Developer,Systems Limited -,2 months ago,"Cairo, Egypt ",Full TimeExperienced  2 - 5 Yrs of Exp  Installation/Maintenance/Repair  IT/Software Development  Engineering - Telecom/Technology  Java  MySQL  Mockito  spinnaker  Docker  Kubernetes  spring Framework,https://wuzzuf.net/jobs/p/x8myfFI0k9iU-Microsoft-Dynamics-CRM-Developer-Systems-Limited-Cairo-Egypt?o=140&l=sp&t=sj&a=java|search-v3|hpb,
Full Stack Developer,Creator -,2 months ago,"Sheikh Zayed, Giza, Egypt ",Full TimeExperienced  3 - 6 Yrs of Exp  Installation/Maintenance/Repair  IT/Software Development  Engineering - Telecom/Technology  HTML  Full Stack  CSS  WordPress CMS  jQuery  React  MySQL,https://wuzzuf.net/jobs/p/YbzlHGLvaxLK-Full-Stack-Developer-Creator-Giza-Egypt?o=141&l=sp&t=sj&a=java|search-v3|hpb,
Senior Android Developer,HMASERV LLC -,2 months ago,"Alexandria, Egypt ",Full TimeExperienced  3 - 5 Yrs of Exp  IT/Software Development  Engineering - Telecom/Technology  Android  Kotlin  Java  Software Development  Computer Science  Mobile Development  Development  Software Engineering,https://wuzzuf.net/jobs/p/mP0TiHJ18KwX-Senior-Android-Developer-HMASERV-LLC-Alexandria-Egypt?o=142&l=sp&t=sj&a=java|search-v3|hpb,
Sr. Backend/Database Engineer,Dar Al Handasah -,2 months ago,"Sheikh Zayed, Giza, Egypt ",Full TimeExperienced  7 - 10 Yrs of Exp  IT/Software Development  Engineering - Telecom/Technology  Python  JavaScript  .Net  C#  VB.net  Java  SQL  PostgreSQL,https://wuzzuf.net/jobs/p/X2v0R4BmYXn4-Sr-BackendDatabase-Engineer-Dar-Al-Handasah-Giza-Egypt?o=143&l=sp&t=sj&a=java|search-v3|hpb,
Senior Software Developer - Backend,Optasia -,2 months ago,"Cairo, Egypt ",Full TimeExperienced  4+ Yrs of Exp  IT/Software Development  Engineering - Telecom/Technology  Development  Java  Back End  NoSQL  spring Framework  Information Technology (IT)  MongoDB  Computer Science,https://wuzzuf.net/jobs/p/3IhKV8O3HDeQ-Senior-Software-Developer---Backend-Optasia-Cairo-Egypt?o=144&l=sp&t=sj&a=java|search-v3|hpb,
Back-end Developer,Network International -Egypt -,2 months ago,"New Cairo, Cairo, Egypt ",Full TimeExperienced  6 - 10 Yrs of Exp  IT/Software Development  Engineering - Telecom/Technology  Agile  AWS  JavaScript  Java  Software Development  Programming  ORM  NoSQL Database,https://wuzzuf.net/jobs/p/lZoxSbbUjZfy-Back-end-Developer-Network-International--Egypt-Cairo-Egypt?o=145&l=sp&t=sj&a=java|search-v3|hpb,
NGenius POS Developer,Network International -Egypt -,2 months ago,"New Cairo, Cairo, Egypt ",Full TimeExperienced  6 - 12 Yrs of Exp  IT/Software Development  Engineering - Telecom/Technology  Android  Java  DevOps  Dagger  MongoDB  Git  Android SDK  Payment Solutions,https://wuzzuf.net/jobs/p/9SRldxbI7qft-NGenius-POS-Developer-Network-International--Egypt-Cairo-Egypt?o=146&l=sp&t=sj&a=java|search-v3|hpb,
Backend Developer,Skyrailz -,2 months ago,"Cairo, Egypt ",Full TimeExperienced  3 - 5 Yrs of Exp  IT/Software Development  Engineering - Telecom/Technology  developer  Backend developer  API  AWS  backend  Computer Science  Information Technology (IT)  Java,https://wuzzuf.net/jobs/p/bbODVgQcOI3I-Backend-Developer-Skyrailz-Cairo-Egypt?o=147&l=sp&t=sj&a=java|search-v3|hpb,
Cloud Engineer,Network International -Egypt -,2 months ago,"New Cairo, Cairo, Egypt ",Full TimeExperienced  6 - 10 Yrs of Exp  IT/Software Development  Engineering - Telecom/Technology  AWS  Azure  Cloud  Docker  DNS  Google cloud  Java  Linux,https://wuzzuf.net/jobs/p/QTQNWWv3ANTc-Cloud-Engineer-Network-International--Egypt-Cairo-Egypt?o=148&l=sp&t=sj&a=java|search-v3|hpb,
Software PKI Implementation & Support Engineer,ITIDA -,2 months ago,"Giza, Egypt ",Full TimeEntry Level  1 - 3 Yrs of Exp  Installation/Maintenance/Repair  IT/Software Development  Engineering - Telecom/Technology  Computer Science  Operating Systems  Linux  Network  Information Technology (IT)  computer  Java,https://wuzzuf.net/jobs/p/KOTPfoXaUHII-Software-PKI-Implementation-Support-Engineer-ITIDA-Giza-Egypt?o=149&l=sp&t=sj&a=java|search-v3|hpb,
Senior Software Engineer,ITIDA -,2 months ago,"Giza, Egypt ",Full TimeExperienced  5 - 8 Yrs of Exp  IT/Software Development  Engineering - Telecom/Technology  .Net  ASP.Net  Java  SQL  Oracle  Development  Computer Science  Software Development,https://wuzzuf.net/jobs/p/FF5ct6mM9V2D-Senior-Software-Engineer-ITIDA-Giza-Egypt?o=150&l=sp&t=sj&a=java|search-v3|hpb,
Senior Software Quality Control Engineer,BI-Technologies -,3 days ago,"New Cairo, Cairo, Egypt ",Full TimeExperienced  3 - 6 Yrs of Exp  IT/Software Development  Quality  Engineering - Telecom/Technology  QC  Automation  Manualtesting  Information Technology (IT)  Engineering  Telecommunication  Quality Control,https://wuzzuf.net/jobs/p/ltKXzpZMX1ed-Senior-Software-Quality-Control-Engineer-BI-Technologies-Cairo-Egypt?o=151&l=sp&t=sj&a=java|search-v3|hpb,
Software Developer (Backend),Aman -,2 days ago,"Giza, Egypt ",Full TimeEntry Level  0 - 5 Yrs of Exp  IT/Software Development  Engineering - Telecom/Technology  Computer Science  Information Technology (IT)  Computer Engineering  HTML  MVC  CSS  SQL  XML,https://wuzzuf.net/jobs/p/BLrD34YJ8Rfl-Software-Developer-Backend-Aman-Giza-Egypt?o=152&l=sp&t=sj&a=java|search-v3|hpb,
Senior Full Stack Developer,Egabi FSI -,2 days ago,"Sheraton, Cairo, Egypt ",Full TimeExperienced  4 - 7 Yrs of Exp  IT/Software Development  Engineering - Telecom/Technology  Java  Angular  CSS3  HTML5  SQL  Computer Science  Information Technology (IT)  JavaScript,https://wuzzuf.net/jobs/p/Nx4QdOL69EhC-Senior-Full-Stack-Developer-Egabi-FSI-Cairo-Egypt?o=153&l=sp&t=sj&a=java|search-v3|hpb,
Full Stack Developer,Egabi FSI -,2 days ago,"Sheraton, Cairo, Egypt ",Full TimeEntry Level  1 - 4 Yrs of Exp  IT/Software Development  Engineering - Telecom/Technology  Java  Angular  SQL  Information Technology (IT)  JavaScript  CSS3  HTML5  Software Development,https://wuzzuf.net/jobs/p/JRj6h9uqstON-Full-Stack-Developer-Egabi-FSI-Cairo-Egypt?o=154&l=sp&t=sj&a=java|search-v3|hpb,
System Architect,Dokainish -,3 days ago,"Toronto, Canada ",Full TimeManager  5+ Yrs of Exp  IT/Software Development  Engineering - Telecom/Technology  Information Technology (IT)  Computer Science  Engineering  Software  Software Development  JavaScript  Java  Agile,https://wuzzuf.net/jobs/p/nJcdRoaHtNyI-System-Architect-Dokainish-Toronto-Canada?o=155&l=sp&t=sj&a=java|search-v3|hpb,
Software Engineer,Confidential -,5 days ago,"Cairo, Egypt ",Full TimeEntry Level  1 - 3 Yrs of Exp  IT/Software Development  Engineering - Telecom/Technology  Engineering - Other  Computer Science  Software Development  Software Engineering  Software,https://wuzzuf.net/jobs/p/1T58JOa4ejnU-Software-Engineer-Cairo-Egypt?o=156&l=sp&t=sj&a=java|search-v3|hpb,
Senior CRM Developer, Qeema -,5 days ago,"Heliopolis, Cairo, Egypt ",Full TimeExperienced  4 - 7 Yrs of Exp  IT/Software Development  Computer Science  JavaScript  Software Development,https://wuzzuf.net/jobs/p/rEcRr0FgVuy7-Senior-CRM-Developer-Qeema-Cairo-Egypt?o=157&l=sp&t=sj&a=java|search-v3|hpb,
Technical Support,A1Softech -,6 days ago,"Cairo, Egypt ",Full TimeEntry Level  1 - 4 Yrs of Exp  Installation/Maintenance/Repair  IT/Software Development  Engineering - Telecom/Technology  Communication  Communication skills  computer  Computer Science  Customer Service  Engineering  Information Technology (IT),https://wuzzuf.net/jobs/p/HQf8LkCZe9VV-Technical-Support-A1Softech-Cairo-Egypt?o=158&l=sp&t=sj&a=java|search-v3|hpb,
Senior Front End Engineer - (React. JS - Next. JS),Archicaza -,2 months ago,"Nasr City, Cairo, Egypt ",Full TimeExperienced  3 - 8 Yrs of Exp  IT/Software Development  Engineering - Telecom/Technology  Front-End Development  React js  HTML5  Information Technology (IT)  SEO  React  Computer Science  Software Development,https://wuzzuf.net/jobs/p/KaadOZ7Eqpa7-Senior-Front-End-Engineer---React-JS---Next-JS-Archicaza-Cairo-Egypt?o=159&l=sp&t=sj&a=java|search-v3|hpb,
Data Science Software Engineer Intern,Seuqel Solutions -,2 months ago,"Cairo, Egypt ",InternshipStudent  IT/Software Development  Engineering - Telecom/Technology  Computer Science  Algorithms  Information Technology (IT)  Python  Software  Software Development  Software Engineering  Programming,https://wuzzuf.net/internship/ExucaSTaI06d-Data-Science-Software-Engineer-Intern-Seuqel-Solutions-Cairo-Egypt?o=160&l=sp&t=sj&a=java|search-v3|hpb,
C++ Developer,talento -,2 months ago,"Maadi, Cairo, Egypt ",Full TimeExperienced  2 - 5 Yrs of Exp  IT/Software Development  C++  Information Technology (IT)  Software Development,https://wuzzuf.net/jobs/p/Uq047IAILBvz-C-Developer-talento-Cairo-Egypt?o=161&l=sp&t=sj&a=java|search-v3|hpb,
Senior Full Stack Developer,Theexpertologists -,2 months ago,"Abu Qir, Alexandria, Egypt ",Full TimeExperienced  2 - 4 Yrs of Exp  IT/Software Development  HTML  JavaScript  MySQL  Python,https://wuzzuf.net/jobs/p/UaU6kWlxZzxN-Senior-Full-Stack-Developer-Theexpertologists-Alexandria-Egypt?o=162&l=sp&t=sj&a=java|search-v3|hpb,
Senior .NET Full stack Developer,RDI -,2 months ago,"Dokki, Giza, Egypt ",Full TimeExperienced  3+ Yrs of Exp  IT/Software Development  Engineering - Telecom/Technology  .Net  ASP.Net  Web Application  HTML5  SQL  CSS  jQuery  MVC,https://wuzzuf.net/jobs/p/RnvRfauLcQI3-Senior-NET-Full-stack-Developer-RDI-Giza-Egypt?o=163&l=sp&t=sj&a=java|search-v3|hpb,
ICC (Integrated Control Center) Application Engineer,Alstom -,10 days ago,"Cairo, Egypt ",Full TimeEntry Level  0 - 6 Yrs of Exp  IT/Software Development  Engineering - Telecom/Technology  Engineering - Mechanical/Electrical  Application Engineering  SCADA System  SCADA  C#  PLC,https://wuzzuf.net/jobs/p/z7MQhxIOJSAh-ICC-Integrated-Control-Center-Application-Engineer-Alstom-Cairo-Egypt?o=164&l=sp&t=sj&a=java|search-v3|hpb,
Junior Automation Tester,3D Diagnostix -,9 days ago,"Maadi, Cairo, Egypt ",Full TimeWork From HomeEntry Level  1 - 4 Yrs of Exp  IT/Software Development  Quality  Agile  Automation  Computer Science  Engineering  Information Technology (IT)  Selenium  SQL  Software Testing,https://wuzzuf.net/jobs/p/1bfYdIIgzDKa-Junior-Automation-Tester-3D-Diagnostix-Cairo-Egypt?o=165&l=sp&t=sj&a=java|search-v3|hpb,
Quality Control Engineer,Confidential -,8 days ago,"6th of October, Giza, Egypt ",Full TimeEntry Level  1 - 3 Yrs of Exp  IT/Software Development  Quality  Engineering - Telecom/Technology  Manual Testing  quality  Software  test automation  Testing  Automation  Computer Science,https://wuzzuf.net/jobs/p/CxJrpmBtlC1i-Quality-Control-Engineer-Giza-Egypt?o=166&l=sp&t=sj&a=java|search-v3|hpb,
Senior Node JS Developer,Confidential -,10 days ago,"Maadi, Cairo, Egypt ",Full TimeExperienced  5+ Yrs of Exp  IT/Software Development  Engineering - Telecom/Technology  Node.js  node  MEAN Stack  Software Development  Engineering  Information Technology (IT)  Telecom Engineering  API,https://wuzzuf.net/jobs/p/ezNpQ7O26iMN-Senior-Node-JS-Developer-Cairo-Egypt?o=167&l=sp&t=sj&a=java|search-v3|hpb,
DevOps Engineer,ATIS -,10 days ago,"Maadi, Cairo, Egypt ",Full TimeExperienced  2 - 3 Yrs of Exp  IT/Software Development  Kubernetes  Linux  MySQL  DevOps  Docker  Cloud  REST  AWS  Bash,https://wuzzuf.net/jobs/p/FRjLHdRaFdBE-DevOps-Engineer-ATIS-Cairo-Egypt?o=168&l=sp&t=sj&a=java|search-v3|hpb,
Data Scientist Engineer,Globaction -,14 days ago,"6th of October, Giza, Egypt ",Full TimeEntry Level  1+ Yrs of Exp  IT/Software Development  Engineering - Telecom/Technology  Data Science  5S Lean Manufacturing Methodology  Lean Six Sigma  data analyst  Manufacturing Industry  PHD,https://wuzzuf.net/jobs/p/mg3J9XEfvNSp-Data-Scientist-Engineer-Globaction-Giza-Egypt?o=169&l=sp&t=sj&a=java|search-v3|hpb,
Full Stack Developer (PHP),Confidential -,14 days ago,"Cairo, Egypt ",Full TimeWork From HomeExperienced  5 - 8 Yrs of Exp  IT/Software Development  Engineering - Telecom/Technology  Angular  Computer Science  HTML  Information Technology (IT)  jQuery  Software Development  PHP  SQL,https://wuzzuf.net/jobs/p/2UUHLY3mumUD-Full-Stack-Developer-PHP-Cairo-Egypt?o=170&l=sp&t=sj&a=java|search-v3|hpb,
Android Developer,Fawry for Banking Technology and Electronic Payments S.A.E -,14 days ago,"6th of October, Giza, Egypt ",Full TimeExperienced  2 - 4 Yrs of Exp  IT/Software Development  Engineering - Telecom/Technology  Information Technology (IT)  Software Development  Computer Science  Android  ITI  RESTful  MVC  Git,https://wuzzuf.net/jobs/p/UQ5qosvKyvod-Android-Developer-Fawry-for-Banking-Technology-and-Electronic-Payments-S-A-E-Giza-Egypt?o=171&l=sp&t=sj&a=java|search-v3|hpb,
Test Automation Engineer,Expleo -,20 days ago,"Maadi, Cairo, Egypt ",Full TimeEntry Level  1 - 3 Yrs of Exp  IT/Software Development  Quality  Engineering - Telecom/Technology  Automation  Testing  Computer Science  Information Technology (IT)  Automation Testing  Software Testing  Quality,https://wuzzuf.net/jobs/p/PXbIg6Zbhrsi-Test-Automation-Engineer-Expleo-Cairo-Egypt?o=172&l=sp&t=sj&a=java|search-v3|hpb,
Senior Full-Stack .NET Developer,Tafeel -,21 days ago,"Nasr City, Cairo, Egypt ",Full TimeExperienced  3 - 6 Yrs of Exp  IT/Software Development  Engineering - Telecom/Technology  Information Technology (IT)  Computer Science  Angular  .NET  Full Stack  SQL  javaScript  ASP.NET,https://wuzzuf.net/jobs/p/aHrJnJX71wms-Senior-Full-Stack-NET-Developer-Tafeel-Cairo-Egypt?o=173&l=sp&t=sj&a=java|search-v3|hpb,
Automation Testing Engineer,Fawry for Banking Technology and Electronic Payments S.A.E -,23 days ago,"Smart Village, Giza, Egypt ",Full TimeExperienced  2 - 4 Yrs of Exp  IT/Software Development  Quality  Engineering - Telecom/Technology  Automation  Computer Science  Engineering  Information Technology (IT)  Software Testing  SQL  Testing,https://wuzzuf.net/jobs/p/EVAlZ6TitSYR-Automation-Testing-Engineer-Fawry-for-Banking-Technology-and-Electronic-Payments-S-A-E-Giza-Egypt?o=174&l=sp&t=sj&a=java|search-v3|hpb,
Senior Angular Frontend Developer,42 Group -,24 days ago,"Nasr City, Cairo, Egypt ",Full TimeExperienced  4 - 5 Yrs of Exp  IT/Software Development  Engineering - Telecom/Technology  AngularJS  JavaScript  Computer Engineering  Software Development  Computer Science  Engineering  HTML  Information Technology (IT),https://wuzzuf.net/jobs/p/vMVA39zKEsyB-Senior-Angular-Frontend-Developer-42-Group-Cairo-Egypt?o=175&l=sp&t=sj&a=java|search-v3|hpb,
Senior Unity Developer for 2D Mobile Games [Remote],Chrono Games -,28 days ago,"Hamburg, Germany ",Full TimeWork From HomeExperienced  3+ Yrs of Exp  IT/Software Development  Engineering - Telecom/Technology  mobile games  Unity  Unity 3D  Android  iOS,https://wuzzuf.net/jobs/p/f82kqtoyE2b4-Senior-Unity-Developer-for-2D-Mobile-Games-Remote-Chrono-Games-Hamburg-Germany?o=176&l=sp&t=sj&a=java|search-v3|hpb,
Senior Frontend Developer (Angular),FlairsTech -,28 days ago,"Maadi, Cairo, Egypt ",Full TimeWork From HomeExperienced  5+ Yrs of Exp  IT/Software Development  Engineering - Telecom/Technology  Angular  Typescript  apex saleforce  HTML  CSS  JavaScript  Software Development  Software Engineering,https://wuzzuf.net/jobs/p/dMRItj2KvAAO-Senior-Frontend-Developer-Angular-FlairsTech-Cairo-Egypt?o=177&l=sp&t=sj&a=java|search-v3|hpb,
Junior Developer,Remotecoders -,12 days ago,"Maadi, Cairo, Egypt ",InternshipEntry Level  IT/Software Development  Engineering - Telecom/Technology  Web Development  Software Development  Computer Science  coding  English  Information Technology (IT)  IT  Software Engineering,https://wuzzuf.net/internship/LDZyM9BxmbPf-Junior-Developer-Remotecoders-Cairo-Egypt?o=178&l=sp&t=sj&a=java|search-v3|hpb,
Application Support (Backend Developer),IDH -,30 days ago,"6th of October, Giza, Egypt ",Full TimeExperienced  2 - 3 Yrs of Exp  IT/Software Development  Engineering - Telecom/Technology  Back-End Development  Information Technology (IT)  Application Support  HTML  CSS  Design  Technical Support  Oracle,https://wuzzuf.net/jobs/p/OCdVGtbfRoty-Application-Support-Backend-Developer-IDH-Giza-Egypt?o=179&l=sp&t=sj&a=java|search-v3|hpb,
QA Automation Testing Engineer,Keys Group Services -,16 days ago,"6th of October, Giza, Egypt ",Full TimeExperienced  2 - 4 Yrs of Exp  IT/Software Development  Quality  Engineering - Telecom/Technology  Computer Engineering  Computer Science  Engineering  Information Technology (IT)  Programming  QA  quality,https://wuzzuf.net/jobs/p/t5i04dZK5BP7-QA-Automation-Testing-Engineer-Keys-Group-Services-Giza-Egypt?o=180&l=sp&t=sj&a=java|search-v3|hpb,
React Native Lead,Ejada  -,20 days ago,"Cairo, Egypt ",Full TimeExperienced  6+ Yrs of Exp  IT/Software Development  Engineering - Telecom/Technology  React Native  AngularJS  Vue.js  HTML5  CSS  JavaScript  MVC Architecture  REST,https://wuzzuf.net/jobs/p/7IXg9sBhBQy0-React-Native-Lead-Ejada-Cairo-Cairo-Egypt?o=181&l=sp&t=sj&a=java|search-v3|hpb,
React Native Developer,Ejada  -,20 days ago,"Cairo, Egypt ",Full TimeExperienced  2 - 4 Yrs of Exp  IT/Software Development  Engineering - Telecom/Technology  React Native  AngularJS  Vue.js  HTML5  CSS  JavaScript  MVC Architecture  REST,https://wuzzuf.net/jobs/p/hpY9lD4SpLkb-React-Native-Developer-Ejada-Cairo-Cairo-Egypt?o=182&l=sp&t=sj&a=java|search-v3|hpb,
Senior React Native Developer,Ejada  -,20 days ago,"Cairo, Egypt ",Full TimeExperienced  4 - 7 Yrs of Exp  IT/Software Development  Engineering - Telecom/Technology  React Native  AngularJS  Vue.js  HTML5  CSS  JavaScript  MVC Architecture  REST,https://wuzzuf.net/jobs/p/rhcy3qcQdQmW-Senior-React-Native-Developer-Ejada-Cairo-Cairo-Egypt?o=183&l=sp&t=sj&a=java|search-v3|hpb,
Senior Test Automation Engineer,Confidential -,21 days ago,"New Heliopolis, Cairo, Egypt ",Full TimeExperienced  4 - 6 Yrs of Exp  IT/Software Development  Quality  Engineering - Telecom/Technology  Agile  Automation  Automation Testing  Computer Science  Development  Information Technology (IT)  QA,https://wuzzuf.net/jobs/p/dTC4N6P41vMQ-Senior-Test-Automation-Engineer-Cairo-Egypt?o=184&l=sp&t=sj&a=java|search-v3|hpb,
Second Level Technical Support,3D Diagnostix -,1 month ago,"Maadi, Cairo, Egypt ",Full TimeWork From HomeEntry Level  0 - 5 Yrs of Exp  Customer Service/Support  IT/Software Development  Engineering - Telecom/Technology  Technical Support  Computer Science  Customer Support  Engineering  Software Development  second level support  level support,https://wuzzuf.net/jobs/p/zAo6TkBENarp-Second-Level-Technical-Support-3D-Diagnostix-Cairo-Egypt?o=185&l=sp&t=sj&a=java|search-v3|hpb,
Android Mobile Developer,Itechs -,1 month ago,"Heliopolis, Cairo, Egypt ",Full TimeExperienced  3 - 5 Yrs of Exp  IT/Software Development  Engineering - Telecom/Technology  Android  Information Technology (IT)  MVC,https://wuzzuf.net/jobs/p/mIKGKhfICT4y-Android-Mobile-Developer-Itechs-Cairo-Egypt?o=186&l=sp&t=sj&a=java|search-v3|hpb,
Test Automation Lead,Omnix International -,1 month ago,"Maadi, Cairo, Egypt ",Full TimeExperienced  5+ Yrs of Exp  IT/Software Development  Quality  Engineering - Telecom/Technology  Selenium  Automation  Computer Science  Software Testing  Testing  API  Automatic Control,https://wuzzuf.net/jobs/p/3ZXVukxxaECx-Test-Automation-Lead-Omnix-International-Cairo-Egypt?o=187&l=sp&t=sj&a=java|search-v3|hpb,
Application Support Analyst ( SQL - Linux ),Raya Customer Experience -,1 month ago,"Cairo, Egypt ",Full TimeEntry Level  1 - 3 Yrs of Exp  Installation/Maintenance/Repair  IT/Software Development  Engineering - Telecom/Technology  Application Support  application  Computer Science  SQL  Linux  Support  Engineering,https://wuzzuf.net/jobs/p/izUtF4qE1i7D-Application-Support-Analyst-SQL---Linux-Raya-Customer-Experience-Cairo-Egypt?o=188&l=sp&t=sj&a=java|search-v3|hpb,
Junior Ruby on Rails,FlairsTech -,28 days ago,"Cairo, Egypt ",Full TimeEntry Level  1 - 2 Yrs of Exp  IT/Software Development  Engineering - Telecom/Technology  Information Technology (IT)  ROR  Python  Computer Science  Ruby on Rails,https://wuzzuf.net/jobs/p/ECsrxdltyiv2-Junior-Ruby-on-Rails-FlairsTech-Cairo-Egypt?o=189&l=sp&t=sj&a=java|search-v3|hpb,
Senior Integration Developer ( Jeddah - Saudi Arabia),Ejada  -,1 month ago,"Cairo, Egypt ",Full TimeExperienced  5 - 8 Yrs of Exp  IT/Software Development  Engineering - Telecom/Technology  IBM WebSphere  ibm db2  ibm app connect  Oracle DB  CSS  Design  SQL  XML,https://wuzzuf.net/jobs/p/kcSMNEqDkqui-Senior-Integration-Developer-Jeddah---Saudi-Arabia-Ejada-Cairo-Cairo-Egypt?o=190&l=sp&t=sj&a=java|search-v3|hpb,
Mobile Developer (IOS & Android),Multi Level Group (MLG) -,1 month ago,"Maadi, Cairo, Egypt ",Full TimeEntry Level  1 - 10 Yrs of Exp  IT/Software Development  Engineering - Telecom/Technology  Android SDK  iOS  JSON  Mobile Development  REST  SDK  Android  Software Development,https://wuzzuf.net/jobs/p/HqzaoAAEj1SF-Mobile-Developer-IOS-Android-Multi-Level-Group-MLG-Cairo-Egypt?o=191&l=sp&t=sj&a=java|search-v3|hpb,
"Senior Tester ""Quality Assurance Automation""",Dafa -,1 month ago,"Haram, Giza, Egypt ",Full TimeExperienced  3 - 6 Yrs of Exp  IT/Software Development  Quality  Engineering - Telecom/Technology  QA  Tester  Quality Control  Automation  Quality Assurance  Agile  Education,https://wuzzuf.net/jobs/p/g1Vkc77SQLBi-Senior-Tester-Quality-Assurance-Automation-Dafa-Giza-Egypt?o=192&l=sp&t=sj&a=java|search-v3|hpb,
Senior Quality Control Engineer,AL-Matar -,1 month ago,"Maadi, Cairo, Egypt ",Full TimeExperienced  5 - 7 Yrs of Exp  IT/Software Development  Quality  Engineering - Telecom/Technology  Postman  Selenium  Web Development  ISTQB  REST  SQL  API Testing,https://wuzzuf.net/jobs/p/skXxg27zfr9e-Senior-Quality-Control-Engineer-AL-Matar-Cairo-Egypt?o=193&l=sp&t=sj&a=java|search-v3|hpb,
Snowflakes DW developer,FlairsTech -,1 month ago,"Maadi, Cairo, Egypt ",Full TimeExperienced  3 - 5 Yrs of Exp  IT/Software Development  SQL  ETL  Snowflake,https://wuzzuf.net/jobs/p/NCFm6413BhR7-Snowflakes-DW-developer-FlairsTech-Cairo-Egypt?o=194&l=sp&t=sj&a=java|search-v3|hpb,
Sales Force Marketing Cloud Developer,FlairsTech -,1 month ago,"Maadi, Cairo, Egypt ",Full TimeExperienced  3+ Yrs of Exp  IT/Software Development  Agile  business  Business Development  Communication  Development  Confluence  Education  JIRA  Marketing,https://wuzzuf.net/jobs/p/2py8SqQXXUEs-Sales-Force-Marketing-Cloud-Developer-FlairsTech-Cairo-Egypt?o=195&l=sp&t=sj&a=java|search-v3|hpb,
Senior Devops Engineer,MTS -,1 month ago,"Heliopolis, Cairo, Egypt ",Full TimeExperienced  3 - 6 Yrs of Exp  IT/Software Development  Engineering - Telecom/Technology  Computer Science  DevOps  Devops Engineer  engineer  Engineering  Information Technology (IT)  senior  Software Development,https://wuzzuf.net/jobs/p/S74xjrHszCEz-Senior-Devops-Engineer-MTS-Cairo-Egypt?o=196&l=sp&t=sj&a=java|search-v3|hpb,
ADF Developer,SURE International Technology -,1 month ago,"Cairo, Egypt ",Full TimeWork From HomeExperienced  2 - 5 Yrs of Exp  IT/Software Development  Engineering - Telecom/Technology  ADF  Oracle ADF  Oracle  Computer Science  Information Technology (IT)  BPM  Computer Engineering  Database,https://wuzzuf.net/jobs/p/QV4tMycqKDfu-ADF-Developer-SURE-International-Technology-Cairo-Egypt?o=197&l=sp&t=sj&a=java|search-v3|hpb,
Software Quality Control Lead,FlairsTech -,2 months ago,"Maadi, Cairo, Egypt ",Full TimeManager  6+ Yrs of Exp  IT/Software Development  Quality  Engineering - Telecom/Technology  Software Development  softwarequalitycontrol  softwareQC  Automation tetsing  Automation Software testing  API tetsing  SQL,https://wuzzuf.net/jobs/p/TdSknTB9nSuc-Software-Quality-Control-Lead-FlairsTech-Cairo-Egypt?o=198&l=sp&t=sj&a=java|search-v3|hpb,
Business Integration Engineer,e-finance -,2 months ago,"6th of October, Giza, Egypt ",Full TimeEntry Level  1 - 2 Yrs of Exp  IT/Software Development  Engineering - Telecom/Technology  Business Integration  TIBCO  analytical  Information Technology (IT)  Computer Science  Testing,https://wuzzuf.net/jobs/p/vxhrvFfUQc6W-Business-Integration-Engineer-e-finance-Giza-Egypt?o=199&l=sp&t=sj&a=java|search-v3|hpb,
.Net Developer,Al Amin Technological Systems -,2 months ago,"Heliopolis, Cairo, Egypt ",Full TimeEntry Level  1+ Yrs of Exp  IT/Software Development  Engineering - Telecom/Technology  OOP  Web Development  .NET  Computer Science  ASP.Net  MySQL  XML  MVC,https://wuzzuf.net/jobs/p/Qrh21OGfhdbI-Net-Developer-Al-Amin-Technological-Systems-Cairo-Egypt?o=200&l=sp&t=sj&a=java|search-v3|hpb,
SalesForce Developer,Confidential -,1 month ago,"Maadi, Cairo, Egypt ",Full TimeExperienced  4 - 5 Yrs of Exp  IT/Software Development  Engineering - Telecom/Technology  Salesforce  Salesforce CRM  Salesforce Object Query Language  Salesforce Object Search Language  English  Oracle APEX  APEX  Apex Programming,https://wuzzuf.net/jobs/p/G17zXIkqKpOH-SalesForce-Developer-Cairo-Egypt?o=201&l=sp&t=sj&a=java|search-v3|hpb,
Informatica Integration Developer,FlairsTech -,1 month ago,"Maadi, Cairo, Egypt ",Full TimeExperienced  3 - 5 Yrs of Exp  IT/Software Development  Integration  coding  Computer Science  Data Integration  Development  Informatica  Information Technology (IT)  Software  Programming,https://wuzzuf.net/jobs/p/P3j1ebiLfpw7-Informatica-Integration-Developer-FlairsTech-Cairo-Egypt?o=202&l=sp&t=sj&a=java|search-v3|hpb,
Odoo Developer & Pre-Sales Specialist,Elitbuzz -,2 months ago,"Maadi, Cairo, Egypt ",Full TimeExperienced  5+ Yrs of Exp  IT/Software Development  Engineering - Telecom/Technology  Software Development  SW Development  Pre-Sales  ERP Implementation  ERP Software  Communication  Communication skills  Computer Science,https://wuzzuf.net/jobs/p/m0lKvrs7EIs1-Odoo-Developer-Pre-Sales-Specialist-Elitbuzz-Cairo-Egypt?o=203&l=sp&t=sj&a=java|search-v3|hpb,
Telecom support,Egybell -,2 months ago,"Cairo, Egypt ",Full TimeEntry Level  1 - 2 Yrs of Exp  Administration  Customer Service/Support  Administration  Communication  Customer Care  Customer Service  Customer Support  Engineering  English  excel,https://wuzzuf.net/jobs/p/M92ovJjc8Eo8-Telecom-support-Egybell-Cairo-Egypt?o=204&l=sp&t=sj&a=java|search-v3|hpb,
UX & Front-End Senior Developer,Mobilar -,2 months ago,"Nasr City, Cairo, Egypt ",Full TimeWork From HomeExperienced  3 - 7 Yrs of Exp  IT/Software Development  Engineering - Telecom/Technology  Software Testing  Arabic  English  Computer Science  Information Technology (IT)  IT  Quality Control  APIs,https://wuzzuf.net/jobs/p/7rYhIDSubObh-UX-Front-End-Senior-Developer-Mobilar-Cairo-Egypt?o=205&l=sp&t=sj&a=java|search-v3|hpb,
Senior ServiceNow Architect,Evolvice GmbH -,2 months ago,"Maadi, Cairo, Egypt ",Full TimeExperienced  5 - 8 Yrs of Exp  Engineering - Construction/Civil/Architecture  Creative/Design/Art  IT/Software Development  Design  Architecture  Engineering  English  Management  IT  ServiceNow,https://wuzzuf.net/jobs/p/LlpdxFoQ2aP9-Senior-ServiceNow-Architect-Evolvice-GmbH-Cairo-Egypt?o=206&l=sp&t=sj&a=java|search-v3|hpb,
Test Automation Engineer,Network International -Egypt -,2 months ago,"New Cairo, Cairo, Egypt ",Full TimeExperienced  5 - 12 Yrs of Exp  IT/Software Development  Engineering - Telecom/Technology  Software Testing  Automation Testing  UAT  Postman  JMeter  SOAP  REST  API,https://wuzzuf.net/jobs/p/0WZdVpAfrwXt-Test-Automation-Engineer-Network-International--Egypt-Cairo-Egypt?o=207&l=sp&t=sj&a=java|search-v3|hpb,
Android Developer,Perfect Presentation -,2 months ago,"6th of October, Giza, Egypt ",Full TimeExperienced  5 - 7 Yrs of Exp  IT/Software Development  Engineering - Telecom/Technology  Android  Development  Programming  Computer Science  Information Technology (IT),https://wuzzuf.net/jobs/p/498PXLrcAvfv-Android-Developer-Perfect-Presentation-Giza-Egypt?o=208&l=sp&t=sj&a=java|search-v3|hpb,
Front End Developer,Nile University -,2 months ago,"Sheikh Zayed, Giza, Egypt ",Full TimeEntry Level  0 - 3 Yrs of Exp  IT/Software Development  Engineering - Telecom/Technology  Engineering  Computer Science  Computer Engineering  CSS  HTML  Information Technology (IT)  JavaScript  jQuery,https://wuzzuf.net/jobs/p/HBU9AY1aefW3-Front-End-Developer-Nile-University-Giza-Egypt?o=209&l=sp&t=sj&a=java|search-v3|hpb,
Technical Support Developer,Perfect Presentation -,2 months ago,"6th of October, Giza, Egypt ",Full TimeExperienced  4 - 7 Yrs of Exp  IT/Software Development  Engineering - Telecom/Technology  Support  technical  Technical Support,https://wuzzuf.net/jobs/p/D5zZdGpYtENm-Technical-Support-Developer-Perfect-Presentation-Giza-Egypt?o=210&l=sp&t=sj&a=java|search-v3|hpb,
